customer_id,total_orders,returns,return_ratio,product_category_risk_score,vague_reason_count,average_return_window,customer_rating_behavior_score,mismatch_flag_history,total_monetary_value_of_returns,average_order_value,return_frequency_per_month,time_since_last_return,customer_tenure_days,number_of_different_categories_returned,risk_score
CUST0000,43,19,0.44,0.4,3,3,2.92,0,1514.38,3324.26,0.26,87,521,2,40
CUST0001,25,0,0.0,0.9,0,6,2.26,0,328.32,2718.92,1.26,187,812,3,25
CUST0002,48,19,0.4,0.9,1,3,2.58,0,9427.8,2903.78,1.22,89,594,2,25
CUST0003,24,14,0.58,0.4,2,3,4.53,1,2661.92,3380.11,1.0,133,595,2,35
CUST0004,8,5,0.62,0.6,0,2,3.17,1,976.08,1140.72,0.23,39,754,5,45
CUST0005,22,14,0.64,0.7,1,12,3.71,0,2832.39,1622.11,0.58,88,868,1,25
CUST0006,28,0,0.0,0.7,0,8,3.74,0,9270.38,3325.17,2.75,71,809,2,20
CUST0007,37,15,0.41,0.7,1,5,3.54,0,6411.82,4458.62,1.47,100,972,3,35
CUST0008,5,4,0.8,0.4,2,9,2.51,0,2097.02,4499.67,1.48,95,929,5,25
CUST0009,27,6,0.22,0.9,1,4,3.27,1,6028.77,3534.97,2.65,169,586,1,45
CUST0010,10,3,0.3,0.4,3,7,2.79,0,105.15,1892.33,0.98,197,485,3,15
CUST0011,13,13,1.0,0.4,0,3,3.37,0,2516.84,1007.8,0.73,179,142,1,25
CUST0012,16,6,0.38,0.5,1,1,2.95,0,3516.21,3244.89,2.07,52,713,2,20
CUST0013,36,5,0.14,0.9,0,4,3.28,0,3759.58,1362.37,2.43,68,913,2,25
CUST0014,10,5,0.5,0.5,1,1,3.02,0,8597.75,1764.6,0.74,89,992,3,45
CUST0015,24,6,0.25,0.3,0,1,2.04,0,5225.74,4221.01,2.06,184,502,2,40
CUST0016,27,9,0.33,0.9,0,12,1.63,1,9657.65,2879.81,2.66,8,262,3,55
CUST0017,23,15,0.65,0.9,2,1,3.1,0,932.99,975.82,2.71,83,283,3,60
CUST0018,29,2,0.07,0.9,1,14,4.49,0,2320.27,3618.46,0.79,20,845,4,15
CUST0019,12,6,0.5,0.7,1,12,3.38,0,6399.69,1402.22,1.81,108,592,3,45
CUST0020,31,1,0.03,0.7,0,1,2.79,0,7252.28,1547.71,0.17,48,541,1,20
CUST0021,48,13,0.27,0.5,1,9,5.0,1,3374.43,2853.27,1.76,187,145,5,20
CUST0022,25,0,0.0,0.5,0,2,3.57,0,5743.61,666.45,1.88,85,692,2,30
CUST0023,31,9,0.29,0.9,3,7,3.07,0,8112.68,4088.54,2.61,12,857,2,50
CUST0024,11,8,0.73,0.5,1,8,3.76,1,3446.15,2002.8,0.37,190,883,3,35
CUST0025,29,16,0.55,0.7,0,6,3.52,0,5417.12,1767.93,2.5,59,649,5,45
CUST0026,43,3,0.07,0.4,1,14,4.72,0,9760.94,2678.24,1.04,144,149,3,10
CUST0027,32,4,0.12,0.4,0,14,3.51,0,6990.14,2162.97,0.6,0,780,2,10
CUST0028,36,15,0.42,0.4,0,13,3.3,0,4254.04,1389.11,1.13,85,726,5,25
CUST0029,18,4,0.22,0.5,0,14,4.32,1,7066.21,2476.03,0.38,175,370,4,20
CUST0030,37,4,0.11,0.3,1,5,2.74,0,9341.02,2604.99,1.66,3,45,2,20
CUST0031,32,19,0.59,0.7,1,12,3.42,0,8130.92,4139.07,1.92,64,446,2,45
CUST0032,47,11,0.23,0.3,0,12,3.22,0,3257.86,4255.4,0.17,161,144,1,0
CUST0033,11,3,0.27,0.5,1,11,2.5,1,7377.2,4056.71,0.92,137,898,1,20
CUST0034,28,2,0.07,0.6,2,7,3.83,0,2462.11,3463.25,2.25,98,902,1,10
CUST0035,24,15,0.62,0.6,1,3,3.18,0,207.29,4545.83,0.36,198,825,4,25
CUST0036,23,14,0.61,0.6,0,5,2.2,0,7548.51,3999.58,2.39,108,722,2,55
CUST0037,43,13,0.3,0.9,1,7,2.03,0,7087.73,4849.53,2.1,185,521,1,45
CUST0038,42,6,0.14,0.6,1,9,3.45,0,939.89,4935.87,1.19,64,371,4,0
CUST0039,21,6,0.29,0.6,2,3,3.7,0,5628.2,2236.27,2.73,38,155,3,20
CUST0040,49,12,0.24,0.7,1,4,4.02,0,9625.51,1999.38,0.93,55,958,5,10
CUST0041,10,9,0.9,0.4,0,13,3.62,0,8922.32,2732.97,2.98,163,256,3,45
CUST0042,24,17,0.71,0.3,0,1,2.65,0,5884.71,4525.56,0.23,11,359,4,45
CUST0043,28,7,0.25,0.6,0,4,4.49,0,3598.19,3001.55,0.33,40,769,3,0
CUST0044,21,8,0.38,0.6,0,4,1.79,0,854.38,4714.55,1.31,196,844,1,10
CUST0045,6,1,0.17,0.7,2,7,3.54,0,7798.26,2505.78,2.96,10,882,2,20
CUST0046,29,16,0.55,0.7,2,1,3.27,0,9140.34,3008.72,2.21,82,174,5,55
CUST0047,18,8,0.44,0.6,0,3,4.53,0,2151.55,4415.46,2.3,33,377,2,35
CUST0048,38,2,0.05,0.6,2,5,2.55,0,7868.22,3268.93,2.43,102,451,4,20
CUST0049,38,5,0.13,0.9,2,3,5.0,1,3547.73,2667.15,2.37,29,788,2,35
CUST0050,21,4,0.19,0.9,1,1,1.64,0,9802.32,2564.57,1.05,42,781,3,45
CUST0051,27,15,0.56,0.3,0,6,2.96,0,1882.67,3543.21,1.29,95,224,3,25
CUST0052,33,17,0.52,0.9,1,5,2.58,0,978.16,779.05,1.44,89,75,2,40
CUST0053,18,12,0.67,0.6,0,10,2.37,0,6316.21,592.44,2.63,62,77,5,55
CUST0054,21,3,0.14,0.6,2,8,4.9,0,4679.09,3787.86,0.21,55,912,3,0
CUST0055,27,13,0.48,0.6,1,2,2.75,0,5372.91,1363.86,0.88,27,743,1,45
CUST0056,21,6,0.29,0.5,0,14,4.35,0,5034.58,617.22,1.66,33,652,1,20
CUST0057,48,18,0.38,0.6,1,4,3.71,0,5750.71,1909.26,2.96,120,318,5,20
CUST0058,26,5,0.19,0.6,0,4,3.64,0,9753.16,2555.59,2.2,61,470,2,20
CUST0059,19,10,0.53,0.9,1,12,3.12,0,9683.14,3612.57,0.68,19,142,4,50
CUST0060,5,1,0.2,0.4,1,14,2.95,0,613.05,1815.7,0.49,150,679,4,0
CUST0061,6,4,0.67,0.3,1,5,2.03,0,1255.29,2471.2,1.86,162,635,1,45
CUST0062,9,1,0.11,0.5,0,8,3.53,0,576.14,3951.27,2.5,13,857,3,10
CUST0063,25,4,0.16,0.9,2,4,2.85,0,5924.24,3478.31,1.41,103,555,3,25
CUST0064,42,0,0.0,0.3,2,1,3.55,0,2367.35,2805.68,1.35,66,420,3,10
CUST0065,12,9,0.75,0.9,0,13,1.13,0,7440.46,2951.12,2.99,184,126,5,70
CUST0066,41,0,0.0,0.5,0,6,2.96,0,1118.87,2775.11,1.2,108,245,4,0
CUST0067,19,7,0.37,0.6,0,4,4.47,0,7228.36,3277.51,2.11,35,823,3,20
CUST0068,31,4,0.13,0.6,2,6,2.29,1,1618.18,3013.9,1.57,110,645,4,30
CUST0069,47,11,0.23,0.4,0,4,1.14,0,327.92,3326.56,2.34,30,407,1,20
CUST0070,33,13,0.39,0.5,3,5,2.68,0,3388.25,1694.93,0.76,142,690,1,15
CUST0071,13,9,0.69,0.6,1,9,2.66,0,4203.6,4344.89,2.78,134,239,3,35
CUST0072,38,16,0.42,0.6,1,11,2.8,0,4247.36,4591.26,1.15,62,691,2,25
CUST0073,32,17,0.53,0.5,1,4,2.78,0,5617.32,4331.03,1.65,103,590,1,45
CUST0074,36,12,0.33,0.7,1,8,2.91,0,461.84,2465.92,1.74,17,798,3,10
CUST0075,6,5,0.83,0.4,1,6,3.12,0,1119.52,1804.94,0.32,130,829,2,25
CUST0076,14,2,0.14,0.9,1,7,2.79,0,2613.5,1141.34,1.57,71,83,1,25
CUST0077,41,2,0.05,0.9,2,3,3.82,0,7250.44,4307.34,2.51,195,529,5,35
CUST0078,25,13,0.52,0.4,0,2,3.26,0,8937.45,4123.73,1.09,129,736,4,45
CUST0079,24,4,0.17,0.7,0,14,2.0,0,8624.57,1253.65,2.93,107,309,1,30
CUST0080,14,13,0.93,0.6,2,1,4.82,0,7018.57,2132.24,0.73,21,264,4,45
CUST0081,30,12,0.4,0.6,3,10,1.0,0,2813.15,2860.05,1.99,121,617,5,35
CUST0082,46,5,0.11,0.9,1,13,2.2,1,4245.83,2039.06,1.6,63,159,4,45
CUST0083,47,0,0.0,0.6,0,4,3.41,0,775.67,4217.98,1.37,163,142,3,0
CUST0084,43,7,0.16,0.7,1,8,3.08,0,408.71,1458.87,1.83,80,987,3,10
CUST0085,49,10,0.2,0.6,0,10,3.14,0,3509.4,1887.39,1.3,60,968,2,0
CUST0086,29,6,0.21,0.9,0,2,3.51,0,5943.28,1932.67,0.37,48,986,1,35
CUST0087,14,8,0.57,0.3,1,14,3.78,1,7608.08,3266.96,2.3,117,739,1,55
CUST0088,22,11,0.5,0.6,0,10,3.12,0,5923.81,4996.9,1.71,85,279,5,45
CUST0089,11,8,0.73,0.3,0,8,2.69,1,9448.24,2476.23,2.6,166,431,3,55
CUST0090,46,6,0.13,0.4,0,8,2.65,0,6993.26,1831.4,2.2,107,68,1,20
CUST0091,8,5,0.62,0.6,0,2,2.75,0,4325.49,4407.99,1.31,169,575,3,35
CUST0092,17,12,0.71,0.6,1,11,2.59,0,6312.3,4393.65,2.95,9,955,1,45
CUST0093,43,19,0.44,0.7,1,3,4.13,0,3040.33,4293.54,2.18,36,694,1,35
CUST0094,19,8,0.42,0.6,0,9,2.14,1,7884.82,629.17,1.31,183,348,3,55
CUST0095,17,1,0.06,0.6,0,4,3.55,0,4075.64,4221.56,0.77,109,359,3,0
CUST0096,38,8,0.21,0.7,0,3,3.37,0,2241.61,2687.65,1.83,60,920,2,10
CUST0097,39,17,0.44,0.4,3,13,3.41,0,5416.05,3046.11,1.78,97,296,1,60
CUST0098,7,2,0.29,0.6,0,9,2.94,1,7378.61,1550.68,0.83,37,357,3,20
CUST0099,9,9,1.0,0.4,2,12,2.85,0,8526.95,2576.7,1.49,92,144,2,35
CUST0100,7,7,1.0,0.4,1,13,3.47,0,6618.67,4282.79,2.62,168,810,3,45
CUST0101,49,9,0.18,0.4,0,11,2.71,0,1670.19,4428.18,2.63,30,564,2,10
CUST0102,14,10,0.71,0.9,0,7,3.29,0,5123.93,230.65,0.93,45,696,1,50
CUST0103,45,16,0.36,0.5,0,2,2.69,0,5445.86,3943.26,0.41,157,484,2,20
CUST0104,45,1,0.02,0.4,0,12,3.45,0,1820.16,3900.1,2.85,191,46,4,10
CUST0105,26,16,0.62,0.7,1,10,2.44,0,8538.91,4952.71,2.06,163,792,3,55
CUST0106,16,6,0.38,0.5,0,1,2.9,0,6864.62,2340.33,0.89,28,545,1,20
CUST0107,39,12,0.31,0.4,3,2,1.37,0,2377.53,830.41,2.62,125,777,4,45
CUST0108,33,14,0.42,0.7,1,6,2.73,0,3275.35,3677.23,2.26,162,861,1,35
CUST0109,29,11,0.38,0.7,1,11,4.24,1,1936.7,4369.39,2.35,78,56,2,20
CUST0110,11,2,0.18,0.3,1,8,3.16,0,4867.07,763.08,0.46,83,769,1,0
CUST0111,42,15,0.36,0.3,1,6,3.57,0,5943.61,2279.58,2.95,71,818,2,20
CUST0112,34,17,0.5,0.6,1,11,3.63,0,492.23,2506.43,0.4,144,617,1,25
CUST0113,36,14,0.39,0.4,1,4,3.34,0,7780.47,4717.94,0.31,32,774,5,10
CUST0114,34,0,0.0,0.4,1,7,3.16,0,8025.81,1160.72,0.59,48,901,3,10
CUST0115,7,2,0.29,0.5,0,6,2.15,0,6168.15,1634.41,2.81,71,719,4,30
CUST0116,24,14,0.58,0.7,1,4,4.72,0,4860.95,395.62,0.58,13,41,4,25
CUST0117,17,12,0.71,0.4,1,14,3.94,0,1902.97,3990.55,2.01,50,841,2,35
CUST0118,10,1,0.1,0.6,1,8,3.03,0,6834.26,546.55,0.19,96,932,4,10
CUST0119,34,19,0.56,0.6,2,12,3.1,0,8683.61,2977.64,1.37,116,895,4,35
CUST0120,6,6,1.0,0.6,2,3,2.29,0,4711.55,4212.79,0.78,25,549,4,35
CUST0121,34,9,0.26,0.6,0,14,1.91,0,4189.01,531.84,1.37,59,410,1,10
CUST0122,24,1,0.04,0.9,0,1,3.3,0,6601.69,1760.91,2.34,183,705,5,45
CUST0123,27,14,0.52,0.7,0,10,2.93,0,1780.6,2694.91,1.08,93,390,1,25
CUST0124,9,3,0.33,0.6,2,6,3.68,0,8457.29,4067.22,1.8,133,649,3,20
CUST0125,24,17,0.71,0.9,1,5,3.98,1,489.5,786.13,1.41,58,866,1,50
CUST0126,18,11,0.61,0.6,0,5,4.58,0,3298.99,4870.87,1.78,183,524,3,35
CUST0127,27,11,0.41,0.6,1,14,2.83,0,7076.34,1168.9,2.05,84,158,5,45
CUST0128,36,5,0.14,0.3,1,2,2.92,0,8325.68,4350.12,2.33,71,374,4,30
CUST0129,37,0,0.0,0.6,0,14,2.98,0,6547.21,711.65,2.01,191,995,1,20
CUST0130,37,8,0.22,0.9,2,9,3.24,0,9264.18,2303.23,2.71,140,308,3,35
CUST0131,49,10,0.2,0.7,1,7,2.37,0,3313.4,1959.02,1.25,148,944,4,10
CUST0132,33,0,0.0,0.5,0,1,2.76,0,1767.6,3284.36,2.3,8,32,5,20
CUST0133,30,7,0.23,0.4,1,5,2.97,0,1178.29,915.16,1.63,43,769,3,10
CUST0134,27,5,0.19,0.6,2,5,3.61,0,9277.64,489.28,2.81,18,831,5,20
CUST0135,8,4,0.5,0.7,0,11,3.22,1,5369.38,2988.47,0.36,157,687,2,45
CUST0136,17,3,0.18,0.4,2,12,3.08,0,1158.08,2923.1,0.84,35,113,4,0
CUST0137,11,5,0.45,0.3,1,10,1.93,0,125.58,3262.33,1.59,136,55,1,45
CUST0138,19,9,0.47,0.3,0,9,2.0,0,2820.58,4148.55,1.33,88,175,3,35
CUST0139,40,9,0.23,0.4,1,1,2.45,0,8641.69,1240.35,0.38,175,834,3,30
CUST0140,32,6,0.19,0.3,1,14,2.56,0,2817.95,3065.83,2.06,41,403,5,10
CUST0141,43,8,0.19,0.7,2,3,3.13,0,3438.55,4546.52,2.34,35,773,5,10
CUST0142,37,3,0.08,0.6,0,8,1.85,0,4479.86,4192.94,2.04,171,568,5,20
CUST0143,12,5,0.42,0.7,2,10,2.02,0,6727.92,4971.87,2.02,34,383,4,55
CUST0144,12,5,0.42,0.7,2,9,2.74,0,8235.88,205.94,0.97,135,544,5,35
CUST0145,27,18,0.67,0.4,0,5,2.05,0,7709.14,1369.55,2.05,83,995,2,55
CUST0146,12,6,0.5,0.5,2,4,2.14,0,967.66,4697.4,1.71,74,864,4,45
CUST0147,27,3,0.11,0.5,1,6,2.29,0,9922.36,4286.84,0.7,48,71,2,20
CUST0148,49,2,0.04,0.6,1,14,3.45,0,901.1,2134.3,0.6,129,960,2,0
CUST0149,18,17,0.94,0.4,2,6,3.48,0,6103.07,868.15,2.7,124,465,3,45
CUST0150,39,8,0.21,0.5,2,5,3.05,1,4381.73,1696.72,1.57,145,857,5,20
CUST0151,47,1,0.02,0.3,1,3,3.42,0,1998.65,1216.43,1.51,177,282,1,10
CUST0152,27,18,0.67,0.5,0,5,2.71,0,6952.4,499.0,1.58,102,581,1,45
CUST0153,41,6,0.15,0.3,0,13,2.43,0,5317.71,2245.2,0.48,115,732,5,20
CUST0154,39,6,0.15,0.6,1,7,3.7,0,4219.92,2510.45,0.16,78,690,2,0
CUST0155,27,6,0.22,0.7,1,10,3.61,0,9761.15,4047.38,2.88,163,494,3,20
CUST0156,15,14,0.93,0.7,1,5,2.05,0,7399.84,2484.89,1.19,179,954,2,45
CUST0157,25,9,0.36,0.5,3,1,2.97,0,856.53,1540.97,2.8,187,261,5,35
CUST0158,32,10,0.31,0.3,1,6,4.04,0,5232.24,920.81,2.24,192,116,5,20
CUST0159,12,12,1.0,0.9,0,7,4.25,0,813.63,542.03,0.14,132,177,5,40
CUST0160,44,13,0.3,0.6,4,10,3.23,0,2723.96,300.54,0.34,80,252,1,15
CUST0161,13,1,0.08,0.9,1,4,2.43,0,7768.87,3290.74,1.64,189,796,2,45
CUST0162,14,4,0.29,0.6,0,11,3.05,0,7505.92,4096.49,2.0,10,551,1,20
CUST0163,44,17,0.39,0.9,0,9,3.21,0,5545.91,2065.53,0.57,157,754,4,25
CUST0164,36,18,0.5,0.7,2,14,2.87,0,4659.34,4241.59,2.21,134,692,4,35
CUST0165,36,10,0.28,0.4,0,6,3.23,1,9380.14,407.23,0.58,28,242,4,20
CUST0166,31,17,0.55,0.7,0,3,2.66,0,7606.03,3768.43,1.87,117,48,5,45
CUST0167,34,6,0.18,0.6,2,8,2.25,0,192.38,1384.06,2.21,192,929,3,20
CUST0168,36,9,0.25,0.4,1,5,3.58,0,3618.31,3962.2,1.71,85,263,2,10
CUST0169,16,16,1.0,0.3,0,9,4.16,1,3742.61,1769.27,0.53,69,853,3,35
CUST0170,41,3,0.07,0.5,1,10,3.18,0,4184.96,3538.97,0.11,37,971,4,0
CUST0171,49,19,0.39,0.9,1,13,3.75,0,742.05,2983.92,1.73,131,917,2,25
CUST0172,34,17,0.5,0.3,1,3,2.35,0,3408.96,3967.51,2.15,158,897,3,45
CUST0173,49,3,0.06,0.3,0,1,3.0,0,977.14,1258.94,1.83,46,854,4,20
CUST0174,49,0,0.0,0.5,1,11,3.68,1,2109.07,2914.64,2.94,2,648,1,20
CUST0175,34,12,0.35,0.3,3,3,3.7,0,8740.03,4241.28,0.64,48,946,2,25
CUST0176,9,3,0.33,0.5,0,4,3.08,0,667.07,1281.07,0.48,56,572,4,0
CUST0177,28,3,0.11,0.6,0,8,3.12,0,2893.65,1456.19,0.82,13,661,2,0
CUST0178,20,15,0.75,0.5,1,13,2.43,1,560.36,3174.56,1.73,20,225,2,55
CUST0179,37,6,0.16,0.6,0,2,2.61,0,5528.37,814.34,2.66,148,455,2,30
CUST0180,48,13,0.27,0.9,2,3,2.33,0,3156.12,4745.77,2.91,188,454,1,35
CUST0181,8,8,1.0,0.4,2,13,3.49,0,4099.38,2804.22,2.4,176,558,2,35
CUST0182,10,5,0.5,0.4,1,5,2.64,0,6544.64,2818.07,0.28,167,323,4,35
CUST0183,14,2,0.14,0.9,0,1,4.61,0,2660.35,990.59,1.06,109,913,5,25
CUST0184,19,19,1.0,0.4,1,9,4.27,0,5569.88,651.93,1.1,43,126,2,35
CUST0185,39,5,0.13,0.5,1,11,3.3,0,7778.56,4829.49,0.69,73,37,4,10
CUST0186,32,8,0.25,0.6,1,7,2.09,1,5249.89,2348.49,1.72,129,804,3,40
CUST0187,49,2,0.04,0.6,1,6,3.43,0,2099.96,1084.28,2.69,123,717,3,10
CUST0188,41,3,0.07,0.6,3,11,3.42,0,9842.69,3406.02,1.94,3,953,2,35
CUST0189,35,4,0.11,0.4,1,9,3.0,0,2176.55,2019.33,2.92,8,401,2,10
CUST0190,10,2,0.2,0.6,4,8,4.04,0,1820.24,3617.67,2.5,189,446,5,25
CUST0191,39,19,0.49,0.9,2,11,2.98,0,6247.19,1891.4,2.54,138,891,3,60
CUST0192,39,0,0.0,0.6,0,2,3.96,0,1831.33,4307.54,0.76,199,788,3,10
CUST0193,8,8,1.0,0.3,0,5,2.1,0,3109.07,3335.18,2.82,144,580,1,45
CUST0194,39,12,0.31,0.7,3,11,2.89,0,8659.18,2823.91,1.2,29,875,3,25
CUST0195,24,16,0.67,0.3,0,8,2.22,0,9665.81,811.78,2.15,109,976,3,55
CUST0196,46,18,0.39,0.9,1,7,3.8,0,5373.49,3248.43,1.4,119,963,5,25
CUST0197,40,7,0.17,0.4,0,9,4.65,0,4740.8,1646.07,1.84,186,363,1,10
CUST0198,8,3,0.38,0.4,2,6,2.92,0,443.24,2997.47,2.99,49,498,5,10
CUST0199,9,3,0.33,0.6,0,12,2.86,0,1029.19,4566.21,2.04,64,37,5,10
CUST0200,27,14,0.52,0.5,0,6,4.18,0,8935.98,2328.22,1.86,50,579,4,45
CUST0201,33,18,0.55,0.6,0,7,2.72,0,2418.43,3976.4,2.92,193,191,3,35
CUST0202,45,0,0.0,0.7,0,6,2.92,0,4777.68,419.11,0.51,123,391,1,0
CUST0203,33,12,0.36,0.5,1,3,2.85,0,4795.46,3036.16,1.66,48,331,1,10
CUST0204,12,10,0.83,0.9,1,7,3.26,0,3005.54,4672.42,1.25,36,846,1,40
CUST0205,21,18,0.86,0.6,2,11,4.07,0,4560.91,4661.25,0.58,167,649,3,25
CUST0206,16,7,0.44,0.4,3,13,3.55,0,7203.96,4182.02,0.22,83,879,2,50
CUST0207,6,3,0.5,0.6,1,2,3.34,0,6003.58,2838.0,2.71,75,407,3,55
CUST0208,19,8,0.42,0.6,3,11,3.04,0,1245.8,940.74,0.6,197,696,5,40
CUST0209,6,4,0.67,0.4,0,14,5.0,0,215.9,2225.76,0.96,64,340,5,25
CUST0210,19,4,0.21,0.5,0,1,2.86,0,767.11,2059.48,2.57,163,640,5,20
CUST0211,13,4,0.31,0.5,2,3,1.81,0,5834.74,3844.88,0.39,74,589,2,20
CUST0212,40,0,0.0,0.7,1,12,2.12,1,3524.19,941.41,0.17,187,943,4,20
CUST0213,39,10,0.26,0.7,1,11,2.83,0,6803.49,3107.74,1.16,115,469,4,10
CUST0214,42,0,0.0,0.6,0,1,2.96,0,5104.01,4827.28,1.21,154,459,3,20
CUST0215,31,9,0.29,0.6,1,13,2.08,0,2963.52,4520.4,0.44,169,153,5,10
CUST0216,39,5,0.13,0.7,3,14,1.77,0,5459.94,939.9,1.71,161,394,5,45
CUST0217,27,18,0.67,0.5,0,2,1.81,0,2026.78,476.71,1.09,20,329,3,45
CUST0218,43,3,0.07,0.6,0,12,3.26,0,7845.64,3725.97,0.97,151,791,3,10
CUST0219,41,6,0.15,0.5,1,1,2.71,0,9078.73,835.39,1.82,97,296,5,30
CUST0220,16,10,0.62,0.9,1,8,3.5,1,1573.08,2420.84,2.94,51,893,2,60
CUST0221,40,5,0.12,0.5,1,7,2.7,0,5161.63,2563.16,1.77,178,978,3,20
CUST0222,22,18,0.82,0.6,1,7,3.93,1,718.33,4440.63,1.4,12,972,5,35
CUST0223,35,15,0.43,0.3,2,3,2.84,0,1430.91,1637.1,1.14,193,710,3,25
CUST0224,34,14,0.41,0.9,1,10,2.57,0,7404.91,4203.89,2.25,36,170,5,60
CUST0225,13,0,0.0,0.9,2,9,3.69,0,2875.31,3499.55,0.17,74,384,3,15
CUST0226,18,12,0.67,0.6,1,13,2.43,0,2498.09,2495.65,0.52,12,213,4,35
CUST0227,38,6,0.16,0.6,1,8,3.27,0,9070.5,1743.18,1.48,64,942,1,10
CUST0228,34,12,0.35,0.6,1,9,2.44,0,8682.64,2378.94,2.48,53,593,4,30
CUST0229,36,17,0.47,0.6,0,12,3.47,0,3101.62,1591.86,1.73,3,234,3,35
CUST0230,27,7,0.26,0.7,0,7,3.44,0,4084.22,693.19,0.65,92,183,2,0
CUST0231,36,5,0.14,0.9,2,6,3.65,0,7434.95,1718.1,0.4,64,648,3,25
CUST0232,13,10,0.77,0.7,4,6,3.31,0,6901.49,2570.31,1.22,119,980,2,50
CUST0233,27,10,0.37,0.5,4,14,2.92,0,4806.53,3244.83,3.0,144,130,4,25
CUST0234,45,2,0.04,0.9,1,14,2.77,0,4216.4,3654.34,1.18,165,488,1,15
CUST0235,40,12,0.3,0.9,1,9,3.26,0,6551.23,3745.27,1.02,171,178,4,25
CUST0236,44,0,0.0,0.4,1,3,3.8,0,5483.68,679.36,2.1,12,706,2,20
CUST0237,26,16,0.62,0.3,0,10,3.41,0,7388.38,1785.17,2.73,115,565,5,45
CUST0238,47,3,0.06,0.6,0,10,2.06,0,7751.92,2702.22,2.93,26,531,5,30
CUST0239,46,14,0.3,0.9,1,6,3.89,0,3387.78,1840.66,2.24,6,785,1,25
CUST0240,16,15,0.94,0.6,2,4,3.14,0,4634.16,2110.43,0.98,194,954,1,25
CUST0241,33,1,0.03,0.5,1,12,3.2,0,672.66,4797.39,2.83,132,853,4,10
CUST0242,15,14,0.93,0.6,2,10,2.7,0,7835.09,2975.83,0.53,180,485,4,35
CUST0243,35,10,0.29,0.7,0,1,2.75,1,3439.67,3679.91,1.66,158,518,2,30
CUST0244,30,16,0.53,0.7,2,8,1.71,0,6828.24,565.95,0.9,85,475,2,45
CUST0245,18,9,0.5,0.4,0,14,3.15,0,8653.22,2510.4,2.7,107,190,1,45
CUST0246,15,12,0.8,0.3,1,12,1.72,0,5976.25,550.79,1.9,153,419,4,55
CUST0247,48,18,0.38,0.5,1,1,3.37,1,5262.45,4891.08,2.3,140,391,4,40
CUST0248,34,0,0.0,0.7,1,4,4.19,0,219.82,243.38,1.14,155,967,3,0
CUST0249,25,9,0.36,0.6,0,2,3.28,0,8101.93,1418.34,0.81,92,480,4,20
CUST0250,17,12,0.71,0.5,0,9,2.99,0,4867.34,3250.13,0.36,93,704,3,25
CUST0251,43,13,0.3,0.6,2,5,3.49,0,6600.65,1353.91,0.66,108,433,4,10
CUST0252,27,9,0.33,0.5,2,1,3.17,0,9509.55,2991.79,1.37,178,690,3,20
CUST0253,16,12,0.75,0.3,0,7,2.85,1,8936.33,2213.35,2.36,105,113,2,55
CUST0254,49,7,0.14,0.7,0,3,2.66,0,3707.11,1617.16,2.65,128,736,3,10
CUST0255,44,3,0.07,0.5,2,3,3.07,0,4686.61,417.94,0.94,108,610,5,0
CUST0256,45,5,0.11,0.6,0,10,2.53,0,4431.07,4437.13,0.25,195,873,3,0
CUST0257,40,14,0.35,0.4,1,10,2.53,0,3320.42,3620.58,2.47,184,411,3,10
CUST0258,40,6,0.15,0.4,0,6,4.17,0,876.71,2813.59,2.16,186,191,1,10
CUST0259,21,10,0.48,0.7,1,1,1.62,0,3035.94,3629.24,2.3,101,782,1,55
CUST0260,29,18,0.62,0.4,1,8,2.72,0,8054.83,785.75,0.46,125,342,1,35
CUST0261,38,8,0.21,0.6,0,13,2.7,0,6684.95,955.17,0.44,48,105,5,10
CUST0262,5,0,0.0,0.3,1,4,2.76,0,213.04,3577.76,2.91,188,788,4,10
CUST0263,28,18,0.64,0.4,2,5,2.94,0,7212.69,4340.67,0.62,63,987,3,35
CUST0264,23,11,0.48,0.4,0,11,2.11,1,6759.76,4024.07,0.83,183,404,3,55
CUST0265,20,18,0.9,0.6,1,8,2.19,0,5533.7,1580.64,0.99,26,169,1,45
CUST0266,10,0,0.0,0.3,2,8,2.44,0,6885.89,1795.79,0.26,46,708,4,20
CUST0267,37,12,0.32,0.5,2,7,3.75,0,7534.3,686.59,0.91,81,860,2,10
CUST0268,45,7,0.16,0.3,0,13,3.31,0,1979.17,2994.48,0.69,176,233,3,0
CUST0269,7,1,0.14,0.9,2,8,3.03,0,9688.52,3097.46,0.32,156,524,4,25
CUST0270,31,8,0.26,0.7,0,12,2.29,0,6452.16,3578.2,1.18,26,807,1,20
CUST0271,37,15,0.41,0.7,1,11,2.93,0,8674.35,4744.32,0.41,9,850,3,35
CUST0272,26,18,0.69,0.9,1,6,1.84,0,6312.12,2050.94,2.82,136,193,3,70
CUST0273,5,1,0.2,0.6,1,10,4.14,0,2225.21,3391.97,1.54,26,83,2,10
CUST0274,39,19,0.49,0.9,2,4,4.34,0,5935.59,3143.8,1.95,169,975,4,60
CUST0275,49,7,0.14,0.5,2,4,2.61,0,2558.92,1229.15,0.89,175,831,3,0
CUST0276,7,5,0.71,0.5,2,7,3.33,0,9333.83,2812.42,0.68,101,862,3,35
CUST0277,12,2,0.17,0.7,1,13,3.36,0,5429.49,1490.5,1.17,181,578,1,10
CUST0278,22,1,0.05,0.5,1,12,3.0,0,1529.44,3963.14,1.32,62,691,3,0
CUST0279,17,3,0.18,0.7,1,11,4.02,0,9278.4,705.89,2.32,165,783,1,20
CUST0280,5,5,1.0,0.9,0,13,3.63,0,6882.83,730.07,0.94,195,169,4,50
CUST0281,31,9,0.29,0.9,1,10,3.27,0,7914.0,1677.42,2.75,95,418,4,35
CUST0282,46,16,0.35,0.4,3,9,3.25,0,8855.33,1854.95,1.44,157,854,1,25
CUST0283,33,14,0.42,0.4,1,14,1.27,0,4944.83,2262.12,2.25,84,479,5,45
CUST0284,10,1,0.1,0.9,0,6,2.43,0,2301.38,2692.28,1.86,166,276,3,35
CUST0285,19,7,0.37,0.7,2,1,1.99,0,6994.66,3570.3,0.6,177,383,3,30
CUST0286,17,0,0.0,0.9,1,13,2.97,1,4447.05,4906.09,1.59,12,354,2,35
CUST0287,7,6,0.86,0.9,3,11,4.55,0,4795.12,2891.26,1.92,159,823,4,65
CUST0288,20,8,0.4,0.6,2,9,1.33,0,4567.81,1080.52,2.58,172,812,3,20
CUST0289,15,4,0.27,0.6,1,2,2.85,1,2114.38,521.47,2.64,184,901,4,30
CUST0290,19,19,1.0,0.9,1,2,3.23,0,9431.2,405.62,1.39,2,723,3,60
CUST0291,8,3,0.38,0.5,0,11,3.01,1,3854.34,4190.56,2.54,136,377,4,20
CUST0292,38,14,0.37,0.7,0,4,3.37,0,7542.3,4054.41,1.6,98,514,3,20
CUST0293,48,6,0.12,0.6,1,6,4.16,0,9091.46,3841.83,1.83,63,887,4,20
CUST0294,46,4,0.09,0.4,2,13,2.21,0,3206.89,1359.2,0.72,93,763,4,10
CUST0295,14,11,0.79,0.3,2,2,3.75,0,8236.13,3365.65,2.41,127,91,1,55
CUST0296,7,5,0.71,0.7,1,14,2.35,0,2265.28,3057.46,0.87,180,236,4,35
CUST0297,36,5,0.14,0.5,3,8,2.51,0,2669.81,361.65,2.65,162,620,5,25
CUST0298,10,8,0.8,0.7,2,13,4.52,0,7505.25,4101.03,2.15,37,717,3,45
CUST0299,24,11,0.46,0.4,0,11,2.42,0,8594.43,4988.62,0.8,142,429,5,45
CUST0300,17,16,0.94,0.5,3,14,3.87,0,242.38,3868.9,1.91,99,957,3,50
CUST0301,39,2,0.05,0.5,2,9,1.95,0,6419.39,3718.42,2.06,60,968,1,30
CUST0302,24,15,0.62,0.3,3,5,2.59,0,4992.06,4333.02,1.44,165,950,3,40
CUST0303,36,10,0.28,0.7,1,6,4.78,0,9422.75,1003.31,1.55,168,600,1,20
CUST0304,45,9,0.2,0.6,2,1,3.45,0,6710.83,4219.36,0.59,147,463,1,20
CUST0305,47,14,0.3,0.3,3,8,2.3,1,8827.99,3005.6,2.52,65,833,2,55
CUST0306,15,7,0.47,0.6,0,11,2.35,0,8821.63,4437.99,2.01,6,74,3,55
CUST0307,31,8,0.26,0.3,1,10,2.88,0,6070.09,3171.16,2.83,116,763,4,20
CUST0308,43,11,0.26,0.7,3,11,2.68,0,4802.01,465.07,2.83,159,593,5,25
CUST0309,24,2,0.08,0.9,1,8,4.09,0,2855.85,4031.81,1.05,135,122,4,15
CUST0310,14,6,0.43,0.9,0,4,2.64,0,8109.33,905.23,1.09,126,885,2,50
CUST0311,35,10,0.29,0.4,2,6,3.15,0,3105.88,1696.11,0.11,59,475,1,0
CUST0312,5,1,0.2,0.3,1,8,2.08,0,5517.65,4960.51,2.03,105,300,5,30
CUST0313,21,8,0.38,0.6,1,5,2.6,0,7442.25,2564.33,1.5,187,356,1,10
CUST0314,39,15,0.38,0.3,1,4,3.35,1,8909.85,4125.71,1.58,76,217,2,30
CUST0315,18,3,0.17,0.3,3,6,1.0,1,1736.49,4300.45,1.52,149,637,5,45
CUST0316,42,7,0.17,0.3,1,6,3.97,0,961.47,2872.57,2.55,68,731,4,10
CUST0317,29,8,0.28,0.6,0,5,2.59,1,2571.72,1463.59,0.1,126,967,2,10
CUST0318,24,19,0.79,0.4,1,1,1.89,0,2447.14,4752.81,2.84,71,805,3,55
CUST0319,30,14,0.47,0.9,2,9,3.2,0,6191.01,3850.04,1.59,29,900,5,60
CUST0320,36,17,0.47,0.4,1,13,3.9,0,6501.34,1288.36,2.04,179,743,4,45
CUST0321,35,19,0.54,0.4,0,9,3.6,0,8407.89,971.26,0.17,97,749,1,35
CUST0322,36,14,0.39,0.4,1,9,1.79,0,3859.54,4046.94,1.24,138,644,3,10
CUST0323,35,16,0.46,0.9,0,10,3.6,0,5701.24,4659.89,1.22,177,643,5,50
CUST0324,49,18,0.37,0.9,2,11,2.2,0,510.84,3258.05,1.83,5,176,4,35
CUST0325,6,5,0.83,0.3,3,11,2.01,0,4610.63,3454.95,1.67,187,523,3,60
CUST0326,39,13,0.33,0.4,0,11,3.02,1,9396.06,2373.51,0.68,154,166,4,20
CUST0327,35,13,0.37,0.6,2,8,3.18,0,6652.94,3805.65,2.29,9,240,3,20
CUST0328,28,4,0.14,0.6,0,11,3.51,0,4083.82,4446.02,2.7,131,116,1,10
CUST0329,29,1,0.03,0.6,0,10,2.11,0,8645.04,4147.97,0.6,115,323,5,20
CUST0330,19,13,0.68,0.9,1,5,1.56,0,547.97,1245.96,0.14,90,559,5,50
CUST0331,32,2,0.06,0.7,2,2,4.1,0,9432.33,597.12,0.84,191,34,2,20
CUST0332,49,4,0.08,0.7,0,13,1.86,1,7856.65,3558.58,1.89,10,137,4,40
CUST0333,43,12,0.28,0.7,1,13,3.35,0,4293.12,4009.14,0.19,185,725,2,0
CUST0334,35,19,0.54,0.5,0,1,1.78,0,2603.3,2972.63,1.14,148,364,1,45
CUST0335,26,5,0.19,0.3,2,1,2.81,0,2169.69,606.5,1.45,77,458,3,10
CUST0336,18,14,0.78,0.7,0,6,3.6,0,2122.04,280.43,2.07,57,846,1,35
CUST0337,38,14,0.37,0.3,1,6,3.56,0,6230.47,1794.13,2.79,12,932,4,20
CUST0338,19,18,0.95,0.7,1,3,2.83,0,4091.76,4201.49,2.46,60,410,1,35
CUST0339,11,10,0.91,0.6,2,6,2.5,0,6615.78,536.52,1.25,67,837,3,35
CUST0340,20,15,0.75,0.3,0,13,3.08,0,1047.72,1724.93,2.91,158,230,5,35
CUST0341,6,6,1.0,0.7,3,3,1.79,0,3216.78,406.65,2.36,166,601,2,60
CUST0342,47,12,0.26,0.6,1,8,2.81,0,9159.1,1405.61,2.55,167,919,1,20
CUST0343,41,9,0.22,0.9,1,11,3.93,0,8302.03,3621.66,2.12,190,481,1,35
CUST0344,45,18,0.4,0.3,0,6,2.81,0,3884.3,3172.85,1.42,2,422,4,0
CUST0345,16,13,0.81,0.6,1,9,4.03,0,750.35,4458.17,1.32,115,285,1,25
CUST0346,32,1,0.03,0.6,0,9,3.52,0,3471.39,4063.83,0.25,98,145,2,0
CUST0347,14,2,0.14,0.6,0,5,3.69,0,9749.44,850.21,0.77,63,287,4,10
CUST0348,46,17,0.37,0.5,0,11,2.87,1,7338.46,4744.43,2.37,174,268,2,30
CUST0349,16,12,0.75,0.9,1,10,2.98,0,7123.44,1503.16,2.72,110,916,4,60
CUST0350,16,12,0.75,0.9,2,8,2.7,0,2013.17,442.68,1.92,100,955,2,50
CUST0351,11,3,0.27,0.4,1,3,2.83,0,6968.68,2853.26,0.73,20,93,5,10
CUST0352,31,19,0.61,0.5,2,2,4.36,0,443.26,2081.17,2.12,140,456,5,45
CUST0353,40,19,0.47,0.6,1,7,2.31,0,6516.24,4400.57,2.39,147,38,4,55
CUST0354,22,4,0.18,0.9,0,14,2.33,0,9898.59,344.1,1.39,94,164,4,35
CUST0355,23,9,0.39,0.9,2,13,3.06,0,9853.23,3886.43,1.36,137,159,2,25
CUST0356,28,16,0.57,0.6,1,7,3.15,0,5606.29,3941.68,0.15,49,937,1,35
CUST0357,37,10,0.27,0.6,1,12,3.34,0,7935.49,3091.86,1.58,18,439,3,20
CUST0358,44,17,0.39,0.7,2,10,3.55,0,6645.29,3330.73,0.83,21,214,4,10
CUST0359,47,8,0.17,0.7,1,9,2.96,1,3386.52,2433.62,0.14,95,534,2,10
CUST0360,24,6,0.25,0.3,1,12,2.95,0,8074.71,2109.84,2.44,100,185,4,20
CUST0361,43,9,0.21,0.3,2,2,4.43,1,4125.25,887.75,2.17,163,51,5,30
CUST0362,40,0,0.0,0.3,2,7,3.52,0,5975.27,277.97,2.21,143,366,5,20
CUST0363,27,13,0.48,0.7,0,14,2.09,0,1034.75,4191.29,2.76,97,802,5,45
CUST0364,31,19,0.61,0.6,1,14,2.27,0,227.68,2793.44,2.57,34,674,1,45
CUST0365,33,5,0.15,0.3,1,2,4.08,0,3948.39,1353.44,0.38,171,884,3,10
CUST0366,43,14,0.33,0.9,2,3,2.93,0,4816.97,1727.86,1.52,83,355,5,25
CUST0367,37,2,0.05,0.7,2,4,3.78,0,7559.37,4389.73,1.55,101,714,3,20
CUST0368,17,12,0.71,0.3,0,6,2.94,0,2402.16,1284.96,1.7,89,781,3,35
CUST0369,30,10,0.33,0.9,0,9,1.44,0,664.57,706.32,1.8,182,808,2,35
CUST0370,46,10,0.22,0.3,0,11,2.46,0,6564.2,938.81,2.93,71,472,4,30
CUST0371,11,10,0.91,0.6,4,3,1.78,1,307.25,1715.71,0.26,88,410,1,60
CUST0372,8,0,0.0,0.6,1,12,3.17,1,3840.61,497.78,1.08,163,811,3,10
CUST0373,34,16,0.47,0.6,0,14,2.22,0,4066.97,752.7,2.66,178,387,2,45
CUST0374,42,9,0.21,0.3,1,1,2.94,0,5859.19,2127.02,1.08,0,777,5,20
CUST0375,38,3,0.08,0.6,1,10,2.04,0,515.44,1945.5,0.39,7,794,3,10
CUST0376,40,17,0.42,0.3,1,14,2.78,1,5627.69,4375.7,1.18,164,558,2,45
CUST0377,43,8,0.19,0.4,1,11,2.77,0,9166.3,1927.01,0.99,198,282,1,10
CUST0378,30,12,0.4,0.4,1,8,3.35,0,9365.78,3426.8,1.5,11,659,3,10
CUST0379,43,8,0.19,0.6,1,13,1.0,0,1408.58,2311.31,1.97,116,201,2,20
CUST0380,7,6,0.86,0.5,1,5,2.79,0,2718.27,2617.03,0.3,193,201,2,25
CUST0381,29,15,0.52,0.4,1,12,1.91,0,4835.52,300.9,2.48,196,756,5,45
CUST0382,46,9,0.2,0.4,1,7,2.03,0,2102.71,2056.19,0.25,110,323,5,10
CUST0383,33,18,0.55,0.3,1,10,2.83,0,5106.4,497.8,0.31,86,45,5,35
CUST0384,7,7,1.0,0.7,0,14,3.14,0,551.29,4740.66,2.54,183,398,1,35
CUST0385,16,16,1.0,0.7,3,7,1.93,1,6874.71,4755.11,0.51,140,584,4,70
CUST0386,22,18,0.82,0.6,0,9,2.71,0,1853.11,672.44,2.87,135,547,5,35
CUST0387,17,4,0.24,0.7,0,6,2.95,0,2157.06,3020.95,0.43,174,860,4,0
CUST0388,17,17,1.0,0.9,2,7,3.4,0,2324.11,2116.8,1.29,118,755,3,40
CUST0389,22,11,0.5,0.5,1,11,2.72,0,5266.65,526.27,0.63,36,439,3,35
CUST0390,38,2,0.05,0.4,1,14,3.13,0,6787.01,2100.8,0.49,182,243,5,10
CUST0391,30,7,0.23,0.5,0,9,3.0,0,3618.85,3412.25,1.5,150,381,5,0
CUST0392,47,17,0.36,0.9,1,9,2.51,0,784.62,4171.99,0.84,134,79,4,15
CUST0393,31,5,0.16,0.4,0,5,2.2,0,7982.81,3728.12,1.87,76,206,4,30
CUST0394,41,16,0.39,0.6,1,10,3.0,0,7372.62,314.94,1.8,167,800,5,20
CUST0395,39,0,0.0,0.9,0,2,2.82,0,3680.31,801.8,0.84,0,182,5,25
CUST0396,47,1,0.02,0.9,3,6,3.12,0,2761.1,1153.49,0.82,33,374,5,30
CUST0397,49,5,0.1,0.5,1,9,3.66,0,969.1,1024.78,1.6,17,985,4,10
CUST0398,13,3,0.23,0.3,2,4,2.31,0,7099.45,3380.33,2.44,110,799,5,30
CUST0399,17,3,0.18,0.5,2,8,2.03,0,3265.46,474.16,0.5,10,640,5,10
CUST0400,46,12,0.26,0.6,0,13,2.09,0,7624.05,1700.47,1.29,22,644,5,20
CUST0401,27,13,0.48,0.5,1,9,3.61,0,3352.73,461.44,0.63,152,42,2,25
CUST0402,43,9,0.21,0.7,1,3,4.52,0,2399.02,2145.56,0.88,110,347,1,0
CUST0403,8,8,1.0,0.9,0,3,2.24,0,1909.85,4790.2,1.19,48,173,3,50
CUST0404,12,1,0.08,0.5,0,4,5.0,1,8726.02,3968.4,0.89,5,949,2,20
CUST0405,27,5,0.19,0.9,1,1,2.27,0,2389.67,1369.14,0.99,27,928,3,35
CUST0406,42,13,0.31,0.6,1,6,3.96,0,9462.92,1702.01,2.59,136,650,1,20
CUST0407,33,7,0.21,0.7,1,11,3.62,0,3140.74,4326.46,2.88,198,201,1,10
CUST0408,15,9,0.6,0.9,1,4,1.61,0,7951.32,4909.96,2.8,174,475,3,70
CUST0409,18,15,0.83,0.5,1,1,3.56,0,1478.54,3137.64,0.99,78,108,3,35
CUST0410,19,17,0.89,0.9,1,3,3.77,0,9778.14,2996.62,2.99,115,782,5,60
CUST0411,5,1,0.2,0.4,1,9,3.27,0,1757.85,2420.45,0.2,191,794,1,0
CUST0412,42,13,0.31,0.6,1,1,3.86,0,4733.01,2171.4,2.47,15,335,2,20
CUST0413,47,16,0.34,0.7,0,7,2.89,0,5177.46,1740.1,1.83,68,98,4,20
CUST0414,20,18,0.9,0.3,0,8,3.9,0,5582.85,2662.3,0.92,161,468,5,35
CUST0415,42,13,0.31,0.9,2,1,2.95,0,5172.69,1874.39,1.19,31,190,4,35
CUST0416,46,8,0.17,0.5,2,2,2.91,0,3478.32,2332.08,2.06,169,108,2,20
CUST0417,27,18,0.67,0.7,0,2,2.64,0,9889.52,2519.51,2.96,39,611,2,55
CUST0418,5,3,0.6,0.5,2,5,3.91,0,9545.02,785.02,0.15,19,440,1,35
CUST0419,28,14,0.5,0.5,0,6,3.09,0,2984.47,2203.49,1.19,21,488,4,25
CUST0420,33,18,0.55,0.9,0,2,2.64,0,9938.46,1710.22,2.05,109,469,3,70
CUST0421,23,11,0.48,0.5,0,2,3.77,0,8230.38,2814.23,0.33,178,926,3,45
CUST0422,25,15,0.6,0.9,0,13,1.81,0,8380.57,2611.84,0.14,186,564,4,60
CUST0423,11,11,1.0,0.3,0,14,2.93,1,7569.92,2338.17,1.82,1,39,2,55
CUST0424,21,4,0.19,0.4,2,1,3.13,0,3835.9,2184.88,0.22,153,490,4,10
CUST0425,31,0,0.0,0.5,0,13,2.04,1,1246.65,3588.59,1.56,121,638,5,30
CUST0426,30,2,0.07,0.5,1,2,4.24,0,8276.82,3543.49,2.78,104,30,5,30
CUST0427,18,5,0.28,0.5,0,7,1.01,0,6919.22,2849.29,0.8,96,103,3,20
CUST0428,46,18,0.39,0.6,2,14,2.61,0,8029.29,1064.76,0.42,198,42,1,10
CUST0429,27,0,0.0,0.6,2,5,3.43,0,897.75,906.38,0.96,144,757,5,0
CUST0430,6,0,0.0,0.7,0,8,3.38,0,9661.74,1187.81,2.25,148,943,5,20
CUST0431,28,9,0.32,0.4,1,4,2.83,1,3345.6,1985.99,2.3,131,367,3,20
CUST0432,24,14,0.58,0.4,1,11,1.77,0,9200.16,2234.1,1.09,91,462,2,45
CUST0433,36,2,0.06,0.6,0,10,2.84,0,3062.4,2268.12,1.01,130,904,1,0
CUST0434,30,2,0.07,0.7,3,4,3.34,0,607.51,2129.01,2.05,185,229,5,25
CUST0435,43,5,0.12,0.6,1,9,3.3,0,1217.15,3062.88,1.51,120,330,4,10
CUST0436,7,3,0.43,0.3,1,2,2.29,1,5297.99,3594.94,0.83,97,777,2,65
CUST0437,25,15,0.6,0.7,0,2,1.0,0,3643.82,1801.57,1.22,47,409,2,45
CUST0438,24,19,0.79,0.4,2,2,2.8,0,9373.57,2675.25,1.54,99,307,2,55
CUST0439,16,7,0.44,0.4,2,11,3.88,1,934.22,1909.25,2.07,142,221,3,45
CUST0440,9,6,0.67,0.6,1,3,2.54,0,3288.47,2886.77,2.59,124,576,2,35
CUST0441,16,5,0.31,0.3,1,9,2.51,0,1103.66,4001.08,2.45,0,809,4,10
CUST0442,46,12,0.26,0.6,3,3,3.06,0,2001.03,3400.09,1.91,126,681,1,25
CUST0443,6,1,0.17,0.6,0,5,3.1,0,8150.16,1435.9,2.35,105,489,5,20
CUST0444,18,15,0.83,0.9,1,5,2.8,0,7274.49,4214.79,2.6,85,585,2,60
CUST0445,10,0,0.0,0.9,1,3,3.69,0,9727.37,2686.45,1.88,125,68,1,35
CUST0446,22,19,0.86,0.3,1,11,3.57,0,9813.7,2438.02,2.4,56,209,5,45
CUST0447,35,6,0.17,0.5,2,1,2.57,0,6205.46,4331.83,1.1,145,651,5,20
CUST0448,34,11,0.32,0.5,0,7,4.28,0,6344.63,2387.12,1.5,22,280,1,10
CUST0449,16,1,0.06,0.9,0,8,3.64,0,5518.51,990.08,0.29,82,826,3,25
CUST0450,30,7,0.23,0.9,1,12,3.19,0,8620.61,3535.61,0.13,134,311,2,25
CUST0451,28,11,0.39,0.5,0,8,3.32,0,8040.18,970.85,1.66,73,849,5,20
CUST0452,45,13,0.29,0.7,0,10,4.64,0,3050.27,3202.29,0.55,197,606,4,0
CUST0453,15,11,0.73,0.5,1,13,2.77,0,2600.05,2325.58,2.56,150,664,5,35
CUST0454,8,7,0.88,0.6,1,9,1.0,0,6249.74,779.58,2.93,76,644,2,55
CUST0455,49,15,0.31,0.7,1,6,3.11,0,3388.51,3563.88,2.32,50,615,3,10
CUST0456,19,5,0.26,0.6,0,13,1.8,0,9831.17,3285.33,2.18,24,244,4,30
CUST0457,38,3,0.08,0.9,2,11,2.38,1,2265.84,1765.86,2.29,3,890,1,45
CUST0458,49,17,0.35,0.7,1,12,2.39,0,6671.05,767.54,2.87,87,960,2,30
CUST0459,43,16,0.37,0.6,0,7,2.22,0,7040.87,2171.51,1.56,129,590,3,30
CUST0460,47,1,0.02,0.6,2,9,3.31,0,4803.57,2053.04,2.9,112,883,2,10
CUST0461,16,3,0.19,0.7,1,7,3.25,0,715.83,4148.97,1.0,148,174,2,0
CUST0462,41,12,0.29,0.3,2,4,3.79,0,2352.07,997.69,1.06,33,735,5,0
CUST0463,14,9,0.64,0.6,0,7,2.43,1,4657.52,3606.42,2.95,178,434,1,55
CUST0464,32,16,0.5,0.5,0,5,2.91,0,292.54,1106.21,1.3,39,707,3,25
CUST0465,23,3,0.13,0.4,1,8,3.06,1,4385.12,2770.6,1.48,9,124,1,10
CUST0466,5,1,0.2,0.6,2,14,1.0,0,9592.83,885.51,1.78,197,86,5,30
CUST0467,23,0,0.0,0.5,1,5,3.46,0,4530.76,3704.01,1.14,54,465,4,0
CUST0468,49,1,0.02,0.6,0,7,2.38,0,3537.2,4012.08,1.91,18,240,2,20
CUST0469,46,19,0.41,0.4,1,2,4.23,0,6959.8,3719.17,2.99,116,787,3,55
CUST0470,11,0,0.0,0.5,1,4,5.0,0,5483.49,3535.86,1.59,56,752,4,20
CUST0471,22,16,0.73,0.9,2,1,2.97,0,4374.89,3952.54,1.5,162,755,3,50
CUST0472,23,12,0.52,0.4,1,1,2.35,0,1935.55,1073.9,1.59,111,971,3,55
CUST0473,32,17,0.53,0.6,2,8,3.62,0,7208.34,1985.81,0.37,37,984,1,35
CUST0474,13,13,1.0,0.5,0,3,3.61,1,4490.05,1740.79,1.63,149,188,4,45
CUST0475,42,3,0.07,0.6,1,7,2.77,0,4961.1,1739.52,0.66,101,409,4,0
CUST0476,43,17,0.4,0.4,2,1,3.62,0,6112.51,625.18,2.06,197,527,5,30
CUST0477,38,11,0.29,0.9,2,3,2.11,1,6803.74,771.3,0.3,92,717,1,45
CUST0478,11,7,0.64,0.7,1,8,2.4,0,7069.91,1243.77,1.16,23,515,4,45
CUST0479,28,2,0.07,0.6,1,8,2.46,0,3650.75,1485.4,1.35,67,843,5,10
CUST0480,31,5,0.16,0.9,1,3,2.44,0,8675.71,2332.08,0.5,66,256,4,35
CUST0481,16,4,0.25,0.9,2,5,3.57,0,5361.64,2398.22,1.25,117,365,5,25
CUST0482,39,2,0.05,0.4,0,10,3.75,0,6354.05,2689.99,0.25,74,266,5,10
CUST0483,6,5,0.83,0.5,0,4,3.15,0,2655.27,2427.13,0.49,144,586,3,25
CUST0484,10,6,0.6,0.7,0,6,3.48,0,4442.63,386.03,1.55,48,81,1,35
CUST0485,26,17,0.65,0.6,1,6,2.76,0,8675.22,2596.09,0.96,78,711,3,35
CUST0486,48,17,0.35,0.6,0,6,2.72,0,6702.66,1482.29,2.74,91,210,5,20
CUST0487,24,12,0.5,0.5,0,7,5.0,0,2674.48,2048.28,2.83,52,940,2,35
CUST0488,35,18,0.51,0.7,1,13,2.81,0,7912.05,3093.89,2.0,101,471,3,45
CUST0489,31,0,0.0,0.4,3,11,2.01,0,8805.31,2668.29,1.66,155,644,1,45
CUST0490,29,10,0.34,0.6,1,3,3.96,1,4689.86,3964.5,2.85,113,105,4,20
CUST0491,25,16,0.64,0.7,0,1,3.27,1,6651.93,4121.07,2.27,89,259,4,65
CUST0492,30,7,0.23,0.4,0,11,3.34,1,9832.34,2571.1,2.62,154,707,2,30
CUST0493,42,13,0.31,0.4,1,1,2.43,0,2005.68,689.02,2.74,190,882,4,30
CUST0494,12,9,0.75,0.6,2,9,3.16,0,1947.24,1103.51,0.63,85,868,1,25
CUST0495,44,15,0.34,0.6,1,14,2.74,1,5459.49,1563.48,2.98,89,570,3,30
CUST0496,47,7,0.15,0.5,2,4,3.79,0,7616.47,3174.79,0.32,169,977,1,10
CUST0497,7,5,0.71,0.3,1,2,2.12,0,6637.84,4084.14,2.05,147,132,4,65
CUST0498,5,0,0.0,0.6,0,1,3.5,0,2255.52,3181.89,0.24,76,478,2,10
CUST0499,39,3,0.08,0.6,1,1,2.49,0,8961.26,2954.86,1.12,192,876,2,30
CUST0500,8,4,0.5,0.9,2,7,2.87,0,8799.59,1144.0,2.85,1,924,4,60
CUST0501,24,17,0.71,0.9,1,13,4.0,0,1964.19,1657.93,0.37,182,758,2,40
CUST0502,23,0,0.0,0.4,0,3,3.28,0,1066.34,1000.87,2.78,180,495,2,10
CUST0503,20,8,0.4,0.3,0,2,2.28,0,6858.44,3217.92,0.87,53,631,5,30
CUST0504,21,15,0.71,0.6,1,14,2.16,0,4723.48,3491.13,0.76,185,524,3,35
CUST0505,24,1,0.04,0.6,0,3,2.58,1,8189.36,2352.06,1.52,13,788,4,30
CUST0506,39,4,0.1,0.9,3,13,3.51,0,8769.28,1502.87,0.11,113,491,1,40
CUST0507,19,5,0.26,0.9,1,13,1.93,0,4631.66,658.68,2.7,74,299,3,35
CUST0508,46,5,0.11,0.6,0,2,2.88,0,2444.3,603.02,2.33,132,403,5,20
CUST0509,35,12,0.34,0.6,1,14,2.4,0,2210.72,3952.3,0.69,29,934,2,10
CUST0510,6,5,0.83,0.7,1,3,2.55,0,660.59,777.82,1.78,129,381,2,35
CUST0511,17,13,0.76,0.4,1,10,3.67,0,1822.24,1933.84,1.95,70,796,3,35
CUST0512,17,2,0.12,0.6,2,11,3.7,0,7178.03,1394.23,2.74,145,626,4,20
CUST0513,44,19,0.43,0.7,0,6,2.8,0,4551.8,1857.27,0.6,29,293,2,25
CUST0514,13,2,0.15,0.4,2,8,3.26,0,4409.4,2720.74,0.68,156,196,4,0
CUST0515,45,0,0.0,0.3,1,7,3.11,0,1861.05,1888.26,1.38,116,994,1,0
CUST0516,30,4,0.13,0.5,0,13,3.03,0,7041.33,467.49,2.74,38,958,2,20
CUST0517,5,0,0.0,0.4,3,8,2.62,0,7221.08,3169.99,0.34,189,954,2,25
CUST0518,10,5,0.5,0.3,1,12,3.56,0,3820.63,675.9,1.91,137,530,3,35
CUST0519,13,3,0.23,0.5,2,2,4.72,0,3882.33,335.5,2.58,175,733,1,20
CUST0520,23,2,0.09,0.9,1,12,1.99,0,7790.53,3432.41,1.88,11,362,1,45
CUST0521,6,4,0.67,0.9,0,8,3.59,0,7352.87,3486.68,0.72,162,525,4,50
CUST0522,35,9,0.26,0.9,1,1,2.93,0,170.21,3465.2,2.49,25,570,3,35
CUST0523,18,15,0.83,0.4,0,3,3.19,0,9000.34,3193.97,0.49,64,434,3,35
CUST0524,46,5,0.11,0.7,1,12,3.39,0,8070.68,4280.64,0.94,10,98,3,10
CUST0525,31,16,0.52,0.5,1,7,3.44,0,267.99,4809.76,0.23,86,406,2,25
CUST0526,44,8,0.18,0.9,0,2,3.81,0,5465.95,2405.9,1.55,37,689,2,45
CUST0527,29,1,0.03,0.6,1,9,3.41,0,6517.74,1027.45,2.63,139,589,1,20
CUST0528,39,11,0.28,0.6,2,9,3.42,1,5068.51,2383.79,2.29,199,245,2,30
CUST0529,24,15,0.62,0.5,0,12,3.4,0,106.21,4822.85,2.76,111,844,4,35
CUST0530,13,7,0.54,0.5,1,13,2.53,0,3268.56,3863.12,2.43,145,804,4,35
CUST0531,30,4,0.13,0.7,0,3,3.23,0,7033.44,3842.57,0.41,176,830,1,10
CUST0532,25,16,0.64,0.3,1,10,1.14,0,4980.53,2465.13,1.52,32,772,2,45
CUST0533,13,0,0.0,0.7,4,2,3.63,0,1157.53,1346.46,2.85,90,429,2,35
CUST0534,34,16,0.47,0.9,0,3,4.72,0,4528.3,4834.49,1.19,16,317,1,40
CUST0535,10,7,0.7,0.6,0,9,4.47,0,7122.03,301.52,1.31,197,132,1,35
CUST0536,5,4,0.8,0.6,0,2,2.15,0,6864.93,1081.11,2.48,30,344,5,65
CUST0537,46,16,0.35,0.6,1,10,4.9,0,9443.29,4887.15,1.19,31,657,2,10
CUST0538,22,4,0.18,0.6,3,10,1.86,0,3895.54,4218.38,2.61,99,628,3,35
CUST0539,16,14,0.88,0.9,0,5,3.11,0,8813.53,1135.98,1.01,83,300,4,50
CUST0540,8,5,0.62,0.6,3,8,3.26,0,371.96,2137.4,2.98,138,732,4,50
CUST0541,16,2,0.12,0.7,0,14,2.62,0,6831.72,1173.79,2.26,14,240,5,20
CUST0542,48,17,0.35,0.4,2,8,3.15,0,1507.6,453.56,1.91,80,584,2,10
CUST0543,10,5,0.5,0.7,0,12,2.97,0,2057.13,1730.32,1.82,80,509,4,35
CUST0544,18,11,0.61,0.4,0,14,2.43,0,1015.91,684.52,0.68,167,76,3,35
CUST0545,26,0,0.0,0.9,1,11,2.8,0,7062.47,2132.13,2.77,162,145,5,35
CUST0546,46,17,0.37,0.6,0,12,3.0,0,4069.61,1883.41,2.34,48,383,2,10
CUST0547,41,1,0.02,0.6,0,8,2.47,0,3730.55,707.86,1.92,131,519,2,20
CUST0548,48,15,0.31,0.5,1,5,1.98,0,8447.13,3292.22,1.99,66,500,5,30
CUST0549,11,1,0.09,0.6,2,2,3.17,0,1956.52,250.65,0.37,24,432,3,10
CUST0550,44,9,0.2,0.3,1,12,3.78,0,1292.77,4287.38,0.55,104,495,3,0
CUST0551,6,3,0.5,0.5,1,8,3.38,1,9414.71,3420.15,2.03,92,254,2,55
CUST0552,38,11,0.29,0.4,1,12,3.86,0,8058.21,2642.65,0.28,32,539,5,10
CUST0553,21,7,0.33,0.7,2,3,3.26,1,7206.92,4964.6,2.13,66,793,2,30
CUST0554,26,10,0.38,0.7,1,3,2.56,0,3824.29,1963.23,1.63,126,302,1,10
CUST0555,20,8,0.4,0.6,0,1,4.05,0,5814.15,3309.06,0.18,114,150,5,20
CUST0556,5,3,0.6,0.7,0,14,4.54,0,6857.73,4383.15,0.79,10,475,4,35
CUST0557,43,13,0.3,0.6,1,8,2.47,0,9013.09,3391.13,0.41,179,444,3,20
CUST0558,27,3,0.11,0.6,2,8,4.28,0,5230.24,380.14,1.75,105,603,2,20
CUST0559,44,8,0.18,0.7,2,4,3.59,0,9069.59,2799.67,1.93,113,313,4,20
CUST0560,31,14,0.45,0.3,0,1,3.39,0,9361.68,4578.6,0.71,76,114,5,45
CUST0561,35,4,0.11,0.9,3,9,3.79,0,8931.38,3717.81,1.57,61,138,5,50
CUST0562,26,7,0.27,0.7,1,14,2.86,0,8505.53,2329.5,2.76,124,910,3,20
CUST0563,33,17,0.52,0.4,1,3,2.11,0,333.56,2185.92,0.97,99,631,4,35
CUST0564,16,16,1.0,0.6,0,7,1.48,1,7643.15,2624.55,2.97,170,145,3,65
CUST0565,38,5,0.13,0.6,1,5,2.0,1,7691.8,1487.78,1.81,85,444,3,40
CUST0566,14,7,0.5,0.3,1,6,4.39,0,1348.76,2741.76,0.88,191,549,3,25
CUST0567,24,18,0.75,0.6,0,5,4.64,0,9691.27,2524.22,0.28,53,969,2,35
CUST0568,11,9,0.82,0.4,1,14,2.49,0,2380.91,3488.97,2.95,127,905,1,45
CUST0569,14,2,0.14,0.6,1,12,3.12,0,2687.83,4743.67,2.21,159,935,3,10
CUST0570,42,5,0.12,0.4,3,8,4.3,0,6335.74,1926.99,1.28,46,291,2,25
CUST0571,47,6,0.13,0.6,0,1,3.21,0,3059.37,2171.92,0.73,163,818,5,10
CUST0572,28,6,0.21,0.7,0,1,3.08,1,8426.96,372.64,2.01,195,769,4,40
CUST0573,17,9,0.53,0.6,1,1,3.35,0,8010.91,2640.7,0.78,140,572,2,45
CUST0574,43,14,0.33,0.7,2,13,2.54,0,9985.75,319.12,2.52,101,933,5,20
CUST0575,41,1,0.02,0.6,0,11,3.43,1,190.07,561.98,0.83,69,392,5,10
CUST0576,47,6,0.13,0.4,3,13,2.97,0,5635.45,2613.36,0.52,91,168,1,25
CUST0577,5,4,0.8,0.9,1,3,1.6,0,7158.84,1958.17,0.25,92,961,5,60
CUST0578,30,16,0.53,0.3,0,9,4.34,0,8205.59,760.11,2.0,88,695,4,45
CUST0579,37,13,0.35,0.6,0,1,2.27,0,7097.36,4616.18,0.88,7,373,3,30
CUST0580,29,18,0.62,0.9,2,2,1.46,0,2941.17,1399.46,1.13,77,181,3,60
CUST0581,34,2,0.06,0.6,0,14,2.4,0,7714.17,4529.17,1.39,84,86,4,20
CUST0582,15,8,0.53,0.3,1,11,2.49,0,6093.9,474.05,2.05,177,51,1,55
CUST0583,28,14,0.5,0.7,1,6,3.47,0,4902.22,2795.97,2.47,35,983,4,35
CUST0584,42,10,0.24,0.7,0,2,2.41,0,6691.08,2718.43,1.95,151,742,5,40
CUST0585,45,9,0.2,0.6,1,3,4.33,0,7004.73,634.38,1.54,108,657,4,20
CUST0586,14,5,0.36,0.3,2,2,1.37,0,5897.06,2701.63,0.53,93,839,5,30
CUST0587,15,0,0.0,0.6,1,2,1.89,0,7980.05,1667.63,0.31,139,819,4,30
CUST0588,22,0,0.0,0.6,0,1,3.7,0,8323.29,2942.4,1.86,151,467,2,30
CUST0589,6,5,0.83,0.6,1,3,3.27,0,5218.36,2741.95,1.26,41,953,5,35
CUST0590,47,2,0.04,0.6,0,11,2.71,0,2910.39,2515.0,2.19,128,85,5,10
CUST0591,46,1,0.02,0.6,0,8,4.05,0,3851.66,1653.28,1.43,48,670,1,0
CUST0592,24,18,0.75,0.7,2,9,1.84,0,224.52,939.02,2.15,6,493,5,45
CUST0593,20,0,0.0,0.7,3,10,2.75,0,271.15,2838.49,2.59,19,729,2,25
CUST0594,47,9,0.19,0.9,0,4,4.0,0,8896.48,2321.16,0.51,57,496,1,25
CUST0595,32,2,0.06,0.4,3,12,3.79,0,9997.54,3679.67,0.43,63,582,4,25
CUST0596,29,8,0.28,0.7,0,2,2.38,0,2923.35,4005.63,2.73,13,193,4,30
CUST0597,19,7,0.37,0.3,0,5,2.6,1,6397.45,990.71,1.35,103,771,2,20
CUST0598,41,17,0.41,0.6,1,1,3.5,0,7319.48,4398.79,2.82,123,139,1,55
CUST0599,38,6,0.16,0.6,1,1,1.0,0,6914.74,1447.01,0.84,22,525,5,30
CUST0600,47,16,0.34,0.6,1,11,1.85,0,7905.16,4126.9,2.88,7,946,5,30
CUST0601,9,5,0.56,0.9,0,1,4.1,0,8094.61,2641.68,0.26,99,83,2,60
CUST0602,29,2,0.07,0.6,1,10,2.34,0,5224.23,797.28,2.89,71,461,2,30
CUST0603,17,14,0.82,0.6,3,6,3.62,0,1678.01,4846.51,2.75,56,207,2,50
CUST0604,38,8,0.21,0.6,0,10,3.06,0,8565.28,2273.21,1.22,18,538,3,10
CUST0605,10,10,1.0,0.4,3,8,1.43,1,9581.89,573.02,1.64,22,76,5,80
CUST0606,29,1,0.03,0.5,0,9,3.0,0,6238.01,1833.07,2.58,40,141,2,20
CUST0607,42,7,0.17,0.3,1,1,3.47,0,3284.7,2434.34,2.84,74,299,4,20
CUST0608,49,16,0.33,0.4,0,2,3.11,0,8365.5,3828.25,1.5,30,855,2,20
CUST0609,22,18,0.82,0.6,3,6,4.71,0,8038.95,4287.15,1.5,148,706,3,50
CUST0610,24,2,0.08,0.5,1,4,3.6,0,4178.27,4685.17,0.24,179,881,4,0
CUST0611,8,8,1.0,0.6,1,10,2.82,0,1025.85,2250.14,0.47,112,106,5,25
CUST0612,32,1,0.03,0.9,1,10,3.76,0,816.66,1593.77,2.66,189,682,3,25
CUST0613,20,1,0.05,0.9,0,11,4.88,0,170.26,4133.11,1.14,58,206,3,15
CUST0614,37,11,0.3,0.6,1,14,3.49,1,4201.84,739.45,0.32,63,259,1,10
CUST0615,48,10,0.21,0.7,0,14,3.23,0,7735.31,386.3,0.66,19,62,1,10
CUST0616,13,1,0.08,0.5,2,8,2.82,1,5839.4,3401.78,2.74,48,516,1,30
CUST0617,31,10,0.32,0.6,2,13,2.89,0,8375.3,686.13,2.06,164,672,1,20
CUST0618,45,6,0.13,0.9,2,9,2.81,0,3166.36,4322.01,2.13,54,650,3,25
CUST0619,48,13,0.27,0.9,1,3,3.27,0,2914.45,3011.74,1.8,107,681,2,25
CUST0620,34,11,0.32,0.5,0,4,3.48,0,278.08,4677.3,0.33,98,657,1,0
CUST0621,18,0,0.0,0.3,0,11,1.76,1,5319.83,4663.38,1.5,117,635,2,30
CUST0622,20,0,0.0,0.6,1,10,4.61,0,1397.04,3084.59,0.2,161,927,3,0
CUST0623,14,2,0.14,0.4,1,7,3.18,0,836.84,2617.72,0.63,127,604,1,0
CUST0624,30,16,0.53,0.6,0,4,2.48,0,281.75,3339.17,1.89,14,807,1,45
CUST0625,31,8,0.26,0.6,2,12,1.0,0,3269.09,4224.09,2.0,69,133,4,20
CUST0626,18,11,0.61,0.3,1,7,2.83,0,9191.02,2158.59,0.65,51,130,4,35
CUST0627,8,8,1.0,0.5,0,13,3.78,0,9083.89,787.91,1.65,151,464,2,45
CUST0628,30,0,0.0,0.5,0,1,1.96,0,9124.75,2859.81,1.63,150,317,2,40
CUST0629,47,12,0.26,0.9,2,3,2.93,0,4769.47,2943.81,0.23,120,192,5,15
CUST0630,25,0,0.0,0.3,0,3,2.74,0,5231.41,2416.67,1.01,100,497,2,10
CUST0631,42,17,0.4,0.5,2,11,3.43,0,1407.15,3829.92,0.9,12,328,4,0
CUST0632,23,18,0.78,0.7,0,13,3.01,0,4154.65,3944.4,2.34,73,438,3,35
CUST0633,6,0,0.0,0.6,0,6,1.82,0,5642.92,2534.74,1.56,188,269,3,30
CUST0634,8,8,1.0,0.9,0,8,3.72,0,8762.38,597.14,2.75,82,827,5,60
CUST0635,35,6,0.17,0.4,1,7,2.27,0,1790.61,1482.61,1.58,37,710,4,20
CUST0636,31,10,0.32,0.3,0,1,2.68,1,9723.33,4324.76,0.42,45,533,2,30
CUST0637,47,15,0.32,0.9,0,7,2.4,0,5484.39,1825.06,1.47,130,915,2,35
CUST0638,29,14,0.48,0.5,2,4,1.56,0,6718.61,4341.3,0.57,119,545,5,45
CUST0639,5,2,0.4,0.6,0,6,3.21,0,4009.96,1419.35,2.95,20,170,1,10
CUST0640,15,10,0.67,0.5,0,6,1.63,0,888.57,433.1,1.4,127,460,2,35
CUST0641,9,9,1.0,0.4,2,10,2.28,1,3084.42,653.87,2.3,32,67,1,55
CUST0642,30,12,0.4,0.4,0,1,4.04,1,9283.98,4759.18,1.71,11,98,1,40
CUST0643,5,0,0.0,0.4,2,3,3.09,0,3704.8,3269.05,0.47,187,395,4,0
CUST0644,21,16,0.76,0.4,0,4,3.7,0,4083.7,927.0,1.38,160,877,3,25
CUST0645,24,5,0.21,0.4,3,8,2.21,1,2535.4,2754.02,1.5,60,812,3,35
CUST0646,31,9,0.29,0.7,1,12,1.87,1,9427.64,2688.77,1.12,79,676,4,30
CUST0647,31,19,0.61,0.6,1,4,3.29,0,6969.25,2548.75,1.59,157,768,1,45
CUST0648,42,10,0.24,0.3,2,3,5.0,0,7628.6,4927.66,2.84,149,404,2,20
CUST0649,32,0,0.0,0.9,1,2,2.79,0,3794.75,2567.59,1.78,188,493,3,35
CUST0650,6,1,0.17,0.4,1,10,2.16,0,3691.39,1404.74,2.08,53,645,2,20
CUST0651,27,1,0.04,0.6,1,1,2.29,1,339.64,1873.29,2.19,30,717,4,40
CUST0652,47,15,0.32,0.5,0,11,3.74,0,4743.5,2621.24,1.8,58,193,3,10
CUST0653,28,16,0.57,0.6,0,4,1.83,0,2616.06,4160.65,1.51,81,200,4,45
CUST0654,7,4,0.57,0.4,0,10,2.19,0,6566.05,912.72,1.71,78,814,4,55
CUST0655,7,1,0.14,0.6,2,3,4.68,0,4373.44,4124.31,2.54,66,834,3,10
CUST0656,33,0,0.0,0.9,0,13,2.49,0,6483.09,1830.37,2.15,84,262,4,45
CUST0657,25,4,0.16,0.4,0,5,3.17,1,4640.63,3449.49,1.54,28,788,4,20
CUST0658,7,0,0.0,0.6,1,14,1.19,1,3746.13,1992.53,1.21,139,84,3,20
CUST0659,42,6,0.14,0.5,0,13,2.72,0,3153.85,296.22,1.79,96,746,4,10
CUST0660,14,7,0.5,0.6,0,13,1.41,0,4450.71,2582.35,1.27,68,149,3,35
CUST0661,11,7,0.64,0.4,2,12,2.46,1,875.55,548.36,2.57,124,485,4,55
CUST0662,8,1,0.12,0.3,1,6,3.52,0,3336.73,3112.11,2.8,19,557,5,10
CUST0663,49,17,0.35,0.6,1,12,3.07,0,7860.89,1758.12,2.19,105,720,2,20
CUST0664,18,2,0.11,0.3,1,9,1.94,0,1280.79,1278.0,1.55,159,477,5,20
CUST0665,43,19,0.44,0.4,2,1,3.62,0,5950.07,4948.24,0.58,69,558,4,45
CUST0666,29,5,0.17,0.6,2,2,4.39,0,6342.83,2358.07,0.65,172,33,2,20
CUST0667,36,13,0.36,0.5,1,1,2.22,0,3986.62,1841.71,2.51,56,195,4,30
CUST0668,26,1,0.04,0.7,0,4,4.18,0,4179.76,1274.14,2.8,170,877,3,10
CUST0669,37,15,0.41,0.7,1,9,3.7,0,5392.09,3440.62,1.31,145,666,3,35
CUST0670,37,0,0.0,0.3,2,2,2.62,0,7375.02,1661.96,0.61,177,914,1,20
CUST0671,22,6,0.27,0.4,0,6,3.94,0,6064.86,1619.95,2.68,159,579,3,20
CUST0672,20,19,0.95,0.3,1,5,2.95,1,5702.04,954.73,2.1,120,243,2,55
CUST0673,48,8,0.17,0.4,2,4,3.36,0,5320.46,4454.57,2.53,66,52,2,20
CUST0674,49,9,0.18,0.4,1,2,2.05,0,6437.92,775.46,1.5,179,287,2,30
CUST0675,26,10,0.38,0.7,3,13,2.52,0,1648.63,4279.7,2.21,68,98,1,25
CUST0676,34,8,0.24,0.5,1,5,3.6,0,7720.75,2894.51,2.66,170,239,4,20
CUST0677,30,9,0.3,0.5,2,7,3.31,1,1807.22,2982.24,1.71,194,890,2,20
CUST0678,15,10,0.67,0.6,0,6,3.43,0,1501.06,4435.86,1.79,168,776,3,35
CUST0679,49,15,0.31,0.3,0,4,4.34,0,1089.85,361.02,1.73,103,481,4,10
CUST0680,23,14,0.61,0.5,0,14,3.98,0,3730.85,1337.94,1.4,111,892,5,25
CUST0681,27,5,0.19,0.6,3,3,3.11,0,1185.4,2921.76,2.79,37,77,3,25
CUST0682,21,18,0.86,0.9,1,4,2.91,0,8758.6,2906.56,1.6,146,569,4,60
CUST0683,41,18,0.44,0.6,1,9,3.36,0,235.96,4622.81,0.47,75,678,4,25
CUST0684,45,5,0.11,0.6,0,13,3.2,0,5638.81,269.76,0.33,12,660,3,10
CUST0685,11,0,0.0,0.7,2,13,3.07,0,5088.5,3602.08,0.82,47,546,2,10
CUST0686,39,9,0.23,0.3,0,7,2.68,1,6361.47,1583.82,1.95,174,69,3,30
CUST0687,26,12,0.46,0.6,0,1,4.26,0,2709.69,4782.27,1.85,90,337,1,45
CUST0688,39,5,0.13,0.5,2,1,3.58,0,307.0,1270.83,0.26,59,431,1,10
CUST0689,29,4,0.14,0.5,1,7,3.36,1,5711.38,1901.24,1.21,166,612,2,20
CUST0690,39,11,0.28,0.4,1,9,1.82,0,8154.8,371.68,1.63,174,30,3,30
CUST0691,41,16,0.39,0.6,1,3,1.66,0,765.68,2430.51,2.48,127,285,3,20
CUST0692,20,17,0.85,0.3,0,4,3.26,0,8381.87,2659.04,0.49,111,724,5,35
CUST0693,44,8,0.18,0.3,1,10,2.33,0,6309.86,1718.6,2.92,113,175,4,30
CUST0694,13,6,0.46,0.3,2,8,3.07,0,6572.4,2057.84,1.98,133,195,2,45
CUST0695,15,9,0.6,0.4,2,6,3.78,0,3899.53,4735.84,1.5,61,909,1,25
CUST0696,45,2,0.04,0.7,1,12,1.81,0,3313.09,3952.1,2.3,126,969,1,20
CUST0697,33,15,0.45,0.5,1,11,1.58,0,7351.17,2274.62,2.07,48,125,1,55
CUST0698,33,12,0.36,0.3,0,4,2.88,1,471.77,1716.82,1.01,66,670,2,10
CUST0699,31,14,0.45,0.6,0,4,2.24,0,7715.58,3064.27,1.08,133,702,3,45
CUST0700,17,5,0.29,0.6,1,10,2.07,0,9053.37,4850.32,2.98,54,432,5,30
CUST0701,6,3,0.5,0.4,0,10,3.47,0,665.61,4490.12,1.64,193,124,4,35
CUST0702,11,10,0.91,0.7,0,7,1.76,1,8989.19,816.88,0.18,157,570,2,55
CUST0703,23,4,0.17,0.4,2,11,3.45,0,9157.09,1889.68,1.29,40,391,5,10
CUST0704,19,4,0.21,0.9,0,11,1.51,0,3298.4,4227.06,0.96,7,826,1,25
CUST0705,34,11,0.32,0.6,1,2,2.59,0,2174.24,2385.58,2.73,152,699,2,20
CUST0706,46,10,0.22,0.5,0,10,2.83,0,8228.68,643.26,2.05,129,534,4,20
CUST0707,17,3,0.18,0.4,0,6,2.3,0,3074.84,4055.66,0.89,20,263,2,10
CUST0708,27,2,0.07,0.4,0,10,1.86,0,8279.55,1292.64,1.62,69,936,4,30
CUST0709,22,18,0.82,0.5,0,13,2.62,1,8524.94,3930.58,0.88,9,952,4,45
CUST0710,11,0,0.0,0.6,3,1,3.24,0,8714.95,865.53,0.47,24,598,4,35
CUST0711,17,0,0.0,0.9,0,8,2.54,0,4858.42,2848.78,1.93,179,545,3,25
CUST0712,25,4,0.16,0.6,0,2,1.34,0,5749.58,2290.83,1.3,25,607,5,30
CUST0713,27,8,0.3,0.6,0,2,2.81,0,5375.48,4668.92,2.86,16,985,1,30
CUST0714,40,8,0.2,0.7,3,10,2.41,0,2380.39,2892.83,0.49,87,800,4,25
CUST0715,14,12,0.86,0.4,1,4,2.38,0,9883.79,2066.49,0.24,67,697,2,45
CUST0716,40,1,0.03,0.6,2,6,1.73,0,2497.62,1024.21,1.64,17,436,5,20
CUST0717,25,10,0.4,0.7,1,14,2.47,0,9342.79,4363.3,0.78,136,233,2,20
CUST0718,42,4,0.1,0.6,2,11,3.35,0,2950.01,777.3,2.14,50,295,1,10
CUST0719,9,9,1.0,0.7,0,11,2.92,1,3277.26,1410.81,1.65,131,901,3,45
CUST0720,36,18,0.5,0.7,0,10,3.59,0,4964.93,3665.49,2.82,102,83,3,35
CUST0721,39,0,0.0,0.9,2,7,4.45,0,9106.3,4915.47,0.67,84,501,1,25
CUST0722,47,18,0.38,0.9,0,10,2.39,0,9367.64,2696.77,1.16,59,867,1,35
CUST0723,41,17,0.41,0.7,0,1,2.63,0,7601.58,2995.52,2.1,79,808,3,55
CUST0724,39,0,0.0,0.3,1,5,2.72,1,4729.13,4399.71,2.45,6,853,5,20
CUST0725,33,11,0.33,0.5,1,3,4.19,0,3021.58,3720.33,2.63,181,575,5,10
CUST0726,39,14,0.36,0.6,0,3,3.3,0,4291.53,221.62,1.01,70,150,5,0
CUST0727,33,4,0.12,0.6,0,6,3.05,0,7130.72,3451.24,0.17,140,347,5,10
CUST0728,7,4,0.57,0.9,1,3,1.99,1,2592.97,4908.94,1.88,127,402,3,70
CUST0729,16,15,0.94,0.3,0,3,4.43,0,6605.48,1952.45,1.87,70,913,2,45
CUST0730,18,10,0.56,0.3,0,10,3.25,0,433.13,877.33,1.87,161,970,1,35
CUST0731,11,2,0.18,0.4,0,2,3.65,0,1362.92,4535.85,2.05,139,284,5,20
CUST0732,14,3,0.21,0.5,1,5,4.0,0,9565.72,3551.71,0.7,44,900,2,10
CUST0733,13,13,1.0,0.7,1,12,3.06,0,7666.13,4967.14,2.3,114,736,2,45
CUST0734,22,12,0.55,0.4,3,9,3.49,0,1396.22,3541.86,0.7,109,962,5,40
CUST0735,23,15,0.65,0.4,2,14,3.34,0,4343.78,808.22,1.74,188,540,4,35
CUST0736,12,7,0.58,0.3,1,9,2.05,0,364.1,259.64,2.65,111,588,4,45
CUST0737,12,6,0.5,0.3,0,5,3.21,0,587.81,4291.71,1.69,11,157,3,35
CUST0738,47,8,0.17,0.3,1,9,4.17,0,9681.84,4342.26,1.4,178,606,5,10
CUST0739,35,14,0.4,0.7,1,2,3.72,0,2345.69,2962.4,1.33,17,618,5,10
CUST0740,28,18,0.64,0.7,0,1,2.95,1,3399.09,3056.22,0.36,134,906,3,45
CUST0741,23,3,0.13,0.4,0,11,1.64,0,3642.35,1522.2,2.44,68,466,2,20
CUST0742,49,13,0.27,0.4,1,7,2.44,0,5280.6,1851.56,2.99,34,756,3,30
CUST0743,30,19,0.63,0.9,1,11,2.9,0,1583.64,2944.78,0.84,95,55,3,40
CUST0744,40,7,0.17,0.6,0,5,1.0,0,3404.77,3692.99,2.04,61,824,5,20
CUST0745,49,8,0.16,0.6,1,12,2.92,0,5694.22,4321.63,0.44,79,111,1,10
CUST0746,17,8,0.47,0.6,2,8,2.91,1,9024.71,1497.84,2.43,186,274,5,55
CUST0747,43,14,0.33,0.9,0,6,3.24,0,323.24,467.6,0.25,191,261,3,15
CUST0748,33,0,0.0,0.6,1,13,3.75,0,5187.37,1311.6,0.63,115,602,1,10
CUST0749,44,0,0.0,0.3,3,9,3.62,1,5585.87,3121.87,2.79,122,216,5,45
CUST0750,21,16,0.76,0.7,0,2,3.91,0,1570.32,2187.04,1.5,98,945,5,35
CUST0751,17,11,0.65,0.7,1,6,2.88,0,4927.06,3548.7,1.64,20,956,5,35
CUST0752,44,6,0.14,0.6,0,3,4.15,0,3306.57,854.0,2.67,83,575,4,10
CUST0753,37,19,0.51,0.4,2,7,3.23,0,8176.97,4052.31,2.55,171,781,5,45
CUST0754,49,10,0.2,0.5,1,14,3.02,0,2953.21,1433.56,2.03,51,348,1,10
CUST0755,47,10,0.21,0.3,3,9,3.13,1,4495.48,1038.6,0.68,194,271,5,25
CUST0756,10,10,1.0,0.9,0,12,2.6,0,7707.37,4448.07,0.74,48,942,2,50
CUST0757,45,8,0.18,0.5,1,3,2.86,0,7394.37,3086.66,2.0,44,792,3,20
CUST0758,41,0,0.0,0.7,0,6,4.32,0,8806.03,2541.05,1.93,122,134,1,20
CUST0759,14,3,0.21,0.6,1,5,2.98,1,1150.31,1318.66,2.86,139,439,3,20
CUST0760,33,14,0.42,0.9,1,12,3.01,0,301.98,3101.55,0.9,59,951,3,40
CUST0761,46,0,0.0,0.3,3,3,1.93,0,6104.47,3100.45,2.5,76,253,5,45
CUST0762,8,8,1.0,0.7,1,5,3.12,0,6546.65,3886.24,2.89,43,107,2,45
CUST0763,38,3,0.08,0.6,1,10,3.58,1,4393.86,2178.05,0.2,7,551,3,10
CUST0764,42,14,0.33,0.3,1,3,1.8,0,3322.48,889.7,2.16,155,176,5,20
CUST0765,27,19,0.7,0.4,3,2,2.99,0,3224.97,617.31,0.75,33,382,4,50
CUST0766,46,7,0.15,0.5,1,12,4.95,1,5935.76,2461.63,1.76,91,262,2,30
CUST0767,26,5,0.19,0.5,0,6,3.35,0,9069.14,4345.02,2.05,106,453,5,20
CUST0768,38,11,0.29,0.5,0,10,3.41,0,732.28,351.78,0.85,111,886,4,0
CUST0769,21,1,0.05,0.6,0,1,3.57,1,8338.69,3192.27,2.03,151,693,2,40
CUST0770,15,12,0.8,0.6,0,10,2.76,0,9822.57,2077.24,0.33,7,42,5,35
CUST0771,32,2,0.06,0.3,1,2,1.7,0,404.67,3163.82,2.31,68,608,1,30
CUST0772,23,1,0.04,0.5,1,1,2.67,0,2177.94,2561.0,0.16,20,187,4,10
CUST0773,35,19,0.54,0.6,0,6,3.43,0,360.35,1452.94,1.66,46,242,3,35
CUST0774,26,11,0.42,0.4,2,5,3.59,0,1516.51,4317.87,1.0,108,570,3,25
CUST0775,12,6,0.5,0.5,1,5,2.42,0,3481.11,4830.19,1.58,179,49,2,45
CUST0776,24,14,0.58,0.3,1,13,2.37,0,9920.96,3495.92,2.54,13,162,1,55
CUST0777,44,1,0.02,0.6,0,13,3.68,0,962.11,375.3,1.9,32,841,4,10
CUST0778,40,6,0.15,0.5,1,13,1.83,1,7059.18,856.27,1.31,31,74,5,30
CUST0779,10,7,0.7,0.3,0,3,3.75,0,7232.12,2655.37,2.84,102,989,5,45
CUST0780,44,16,0.36,0.7,0,13,2.66,1,288.53,3715.78,2.81,17,283,1,20
CUST0781,36,9,0.25,0.4,2,9,3.47,1,4463.58,4973.88,1.32,190,761,1,10
CUST0782,34,6,0.18,0.6,0,10,3.26,0,6982.77,2206.4,1.74,124,186,2,20
CUST0783,39,12,0.31,0.3,0,2,3.8,0,9254.05,740.02,0.38,46,636,5,20
CUST0784,18,16,0.89,0.3,4,8,3.76,0,1086.67,1507.84,2.51,94,597,4,50
CUST0785,43,19,0.44,0.6,0,9,3.86,0,9428.11,2730.68,1.04,129,682,3,35
CUST0786,8,3,0.38,0.6,0,11,3.31,0,1562.69,2254.99,0.67,183,299,2,0
CUST0787,44,16,0.36,0.7,2,3,3.61,0,8634.83,4228.12,1.99,165,968,1,20
CUST0788,27,13,0.48,0.6,0,7,2.36,0,7298.33,715.05,0.7,49,283,4,45
CUST0789,44,7,0.16,0.4,1,2,2.77,0,9647.4,749.82,1.01,86,69,5,20
CUST0790,26,4,0.15,0.6,1,4,2.44,0,7642.68,3912.68,2.64,169,627,5,30
CUST0791,46,14,0.3,0.6,1,10,1.77,1,7774.09,4057.45,1.64,165,179,3,40
CUST0792,27,16,0.59,0.6,2,13,4.28,0,7232.29,3290.1,1.07,106,230,1,35
CUST0793,20,9,0.45,0.5,1,12,1.34,0,8373.64,3503.52,1.59,162,926,5,55
CUST0794,8,6,0.75,0.3,1,5,3.04,0,4416.88,3224.17,1.09,19,998,3,25
CUST0795,9,6,0.67,0.4,2,3,3.69,0,2609.23,556.38,0.4,96,379,3,25
CUST0796,27,9,0.33,0.7,0,3,3.07,0,8738.48,2636.66,2.44,61,292,5,20
CUST0797,11,1,0.09,0.6,0,10,2.2,0,8349.42,2380.5,2.19,80,691,5,30
CUST0798,16,9,0.56,0.3,1,5,2.62,0,5756.07,4775.0,1.6,137,845,3,45
CUST0799,18,7,0.39,0.9,3,14,2.96,0,5852.36,4732.3,2.45,190,505,2,50
CUST0800,17,11,0.65,0.4,0,9,2.65,0,1158.16,3368.57,2.52,33,461,4,35
CUST0801,27,14,0.52,0.6,1,7,3.53,0,7967.34,3789.17,1.38,132,406,5,35
CUST0802,9,2,0.22,0.7,1,2,3.18,1,1286.27,2365.23,2.74,127,948,4,30
CUST0803,38,5,0.13,0.6,1,10,2.31,0,3574.13,4666.54,2.42,69,610,1,20
CUST0804,49,17,0.35,0.6,1,3,3.1,0,4081.1,3290.69,1.7,46,799,5,10
CUST0805,34,16,0.47,0.6,4,10,2.65,0,9510.86,1374.16,2.26,150,459,4,60
CUST0806,14,13,0.93,0.5,2,13,3.44,0,5999.88,350.54,0.59,101,928,1,35
CUST0807,41,1,0.02,0.9,1,12,2.86,0,8201.32,3276.1,1.0,124,711,5,25
CUST0808,29,16,0.55,0.7,0,2,3.2,0,3748.77,4808.06,2.48,122,136,1,45
CUST0809,49,3,0.06,0.7,0,5,3.58,0,7729.36,3184.76,1.84,164,759,3,20
CUST0810,12,12,1.0,0.7,0,1,2.63,0,6752.24,2405.52,2.98,12,610,1,55
CUST0811,17,0,0.0,0.3,2,4,2.66,0,4861.7,1188.91,2.5,61,465,3,10
CUST0812,37,9,0.24,0.4,2,14,4.59,0,5871.88,4562.81,2.83,140,925,3,20
CUST0813,36,10,0.28,0.7,0,8,3.01,0,2544.94,3991.45,1.94,98,225,1,10
CUST0814,17,3,0.18,0.4,2,6,1.69,0,1075.52,3835.82,0.75,194,967,3,10
CUST0815,44,5,0.11,0.7,1,11,2.72,0,3413.88,3538.34,2.13,155,434,2,10
CUST0816,35,13,0.37,0.9,0,14,2.88,0,2560.5,1659.95,2.34,114,119,4,25
CUST0817,42,18,0.43,0.3,1,4,2.95,0,5118.61,3499.47,1.94,144,157,3,45
CUST0818,15,15,1.0,0.3,0,10,2.19,0,6670.67,2029.28,2.19,104,161,4,55
CUST0819,21,14,0.67,0.6,4,10,2.11,0,6472.42,3124.66,1.46,113,778,5,60
CUST0820,22,0,0.0,0.5,4,12,2.78,0,8480.69,2624.8,2.27,95,413,2,35
CUST0821,6,3,0.5,0.3,1,4,2.63,0,3563.63,3599.96,1.17,179,949,5,25
CUST0822,47,16,0.34,0.3,1,4,3.24,0,4344.38,1075.21,2.83,69,144,2,10
CUST0823,18,5,0.28,0.9,3,13,2.82,0,3753.66,3666.07,0.61,69,927,3,30
CUST0824,8,7,0.88,0.7,2,10,3.49,1,3314.15,2101.93,1.28,103,924,1,35
CUST0825,30,8,0.27,0.6,1,8,1.84,0,1967.34,744.67,1.69,84,693,4,20
CUST0826,23,17,0.74,0.3,2,12,2.5,0,8748.97,562.66,0.82,42,976,3,35
CUST0827,22,12,0.55,0.3,0,1,3.46,0,9865.83,3632.37,1.88,70,548,3,55
CUST0828,49,9,0.18,0.6,0,5,3.63,0,180.27,244.41,1.44,87,692,3,0
CUST0829,46,2,0.04,0.5,0,12,2.27,0,3190.07,260.46,0.38,112,946,4,10
CUST0830,27,5,0.19,0.4,0,6,3.93,0,4731.24,540.18,1.83,15,635,5,10
CUST0831,11,4,0.36,0.9,0,2,3.63,0,4076.37,4755.58,2.35,58,754,4,35
CUST0832,24,1,0.04,0.6,0,12,3.48,0,3045.18,1622.47,2.2,47,793,2,10
CUST0833,18,15,0.83,0.6,1,12,2.26,1,7189.02,1751.33,1.02,35,805,3,55
CUST0834,14,8,0.57,0.5,1,1,4.03,0,7382.86,2537.68,2.46,8,59,3,55
CUST0835,49,3,0.06,0.3,0,13,2.11,0,4703.85,3511.5,2.66,187,259,3,20
CUST0836,20,4,0.2,0.3,2,13,3.88,0,177.06,3814.31,0.41,110,494,4,0
CUST0837,20,7,0.35,0.9,1,5,3.97,0,8336.7,2944.87,1.79,101,415,3,35
CUST0838,43,7,0.16,0.6,2,12,3.5,0,351.66,389.17,1.8,43,828,3,10
CUST0839,17,15,0.88,0.6,0,1,3.05,0,1971.27,2453.29,2.19,189,657,2,45
CUST0840,17,11,0.65,0.6,2,10,3.78,0,9889.87,4755.53,0.33,179,522,5,35
CUST0841,39,10,0.26,0.3,1,9,2.92,0,6065.01,542.35,0.3,163,509,4,10
CUST0842,48,17,0.35,0.6,0,5,3.49,0,9468.02,3720.14,1.95,65,546,5,20
CUST0843,37,9,0.24,0.6,0,10,2.97,0,5909.52,4197.34,0.31,158,297,5,10
CUST0844,34,11,0.32,0.3,0,10,2.99,0,4081.35,691.49,0.28,171,301,2,0
CUST0845,22,14,0.64,0.5,1,10,3.79,1,4113.5,1818.66,0.14,17,855,4,35
CUST0846,28,3,0.11,0.4,0,8,2.47,0,7295.95,3597.74,0.54,29,407,5,20
CUST0847,14,7,0.5,0.4,0,12,4.58,0,7747.73,1020.54,0.23,60,966,5,35
CUST0848,19,17,0.89,0.5,0,4,3.53,0,2538.08,4536.36,0.4,192,959,1,25
CUST0849,41,5,0.12,0.6,0,8,2.34,0,4477.35,543.21,1.23,12,928,3,10
CUST0850,23,13,0.57,0.5,1,4,2.13,0,1146.67,3391.08,0.93,66,482,3,35
CUST0851,42,12,0.29,0.7,3,8,2.71,0,1408.4,2006.66,2.05,119,64,1,25
CUST0852,33,6,0.18,0.3,0,5,2.36,0,2326.38,2693.35,1.73,180,793,2,20
CUST0853,7,1,0.14,0.7,0,9,2.6,0,2699.25,388.41,0.99,169,970,4,0
CUST0854,31,0,0.0,0.6,2,13,3.86,0,4307.45,875.74,1.59,26,100,4,10
CUST0855,35,12,0.34,0.3,0,9,4.07,1,304.37,4819.28,1.44,174,928,1,10
CUST0856,30,16,0.53,0.3,0,3,3.87,0,5564.98,1308.52,2.26,0,901,1,45
CUST0857,11,4,0.36,0.9,1,11,2.73,0,1808.83,212.63,1.41,9,693,5,15
CUST0858,22,8,0.36,0.3,1,10,2.83,0,2791.42,1014.59,2.18,13,778,5,10
CUST0859,14,1,0.07,0.6,1,5,1.0,1,8228.22,1181.52,0.64,59,897,4,30
CUST0860,15,2,0.13,0.4,1,5,3.49,0,281.72,1696.53,1.95,71,579,4,10
CUST0861,16,11,0.69,0.4,2,6,4.16,0,6460.02,4668.89,2.54,131,671,3,45
CUST0862,48,2,0.04,0.6,0,12,2.81,0,6436.3,4708.45,0.11,136,681,1,10
CUST0863,19,1,0.05,0.3,0,8,2.88,0,7632.83,4932.93,0.62,112,136,2,10
CUST0864,23,6,0.26,0.4,1,7,2.93,0,9069.29,398.0,1.35,120,377,2,10
CUST0865,24,8,0.33,0.7,0,11,2.63,0,111.2,578.33,2.31,65,573,5,10
CUST0866,13,13,1.0,0.6,3,3,2.72,0,5642.84,3990.43,2.24,140,737,2,60
CUST0867,47,3,0.06,0.3,1,11,2.77,0,8790.27,3871.45,0.16,89,801,2,10
CUST0868,40,14,0.35,0.7,2,3,1.49,0,220.04,1396.04,2.18,4,647,5,20
CUST0869,40,13,0.33,0.5,0,7,4.11,0,1271.62,4982.96,2.38,173,977,2,10
CUST0870,16,0,0.0,0.5,1,7,3.09,0,9731.65,467.53,1.76,46,620,5,20
CUST0871,18,1,0.06,0.9,1,6,5.0,0,3728.29,2885.96,2.03,125,132,1,25
CUST0872,41,13,0.32,0.3,0,7,3.12,0,2177.66,3075.68,0.36,24,761,2,0
CUST0873,15,0,0.0,0.5,2,6,1.53,0,9367.85,463.54,2.05,30,913,5,30
CUST0874,16,13,0.81,0.5,5,10,2.95,0,5628.01,4603.27,1.24,56,339,4,50
CUST0875,20,19,0.95,0.4,1,6,2.82,0,4768.25,919.22,0.87,107,302,4,25
CUST0876,19,17,0.89,0.9,0,13,3.22,0,5365.92,640.88,1.39,110,30,1,50
CUST0877,35,3,0.09,0.9,1,2,3.79,0,3104.75,721.32,1.47,44,109,5,25
CUST0878,18,16,0.89,0.4,0,8,2.88,0,9145.33,2457.36,1.75,93,439,3,45
CUST0879,30,19,0.63,0.3,1,11,2.32,0,7591.38,3401.15,0.78,81,974,3,45
CUST0880,10,9,0.9,0.7,1,12,3.5,0,3106.96,1816.6,1.75,58,415,1,35
CUST0881,41,6,0.15,0.6,0,3,4.2,0,3987.81,3156.98,0.46,23,881,4,0
CUST0882,43,16,0.37,0.3,2,14,2.05,0,5876.01,4749.78,1.51,197,921,1,30
CUST0883,21,13,0.62,0.7,2,8,3.94,0,7452.34,1063.5,2.75,154,664,3,45
CUST0884,35,13,0.37,0.9,0,1,2.59,0,7064.73,3069.97,1.52,161,296,3,45
CUST0885,42,13,0.31,0.6,0,10,2.88,0,9369.83,3039.68,0.13,143,390,5,10
CUST0886,27,11,0.41,0.3,2,1,3.06,1,9597.86,1198.93,1.0,29,778,5,55
CUST0887,21,11,0.52,0.6,0,14,3.23,0,7664.52,3172.89,0.77,162,68,4,35
CUST0888,8,8,1.0,0.7,2,5,2.1,0,1958.51,4141.76,2.75,132,886,2,45
CUST0889,12,10,0.83,0.3,0,13,3.03,0,8786.01,3765.96,2.71,146,458,5,45
CUST0890,10,3,0.3,0.6,1,4,3.88,0,9097.36,301.63,1.11,23,300,1,10
CUST0891,22,19,0.86,0.6,1,8,4.49,0,3545.5,2536.67,2.94,179,126,2,35
CUST0892,21,16,0.76,0.6,0,1,4.88,0,4139.14,1214.17,1.5,179,52,1,35
CUST0893,39,2,0.05,0.3,1,13,3.57,0,7073.79,2562.16,0.37,38,270,2,10
CUST0894,10,10,1.0,0.6,0,8,3.86,0,8626.21,898.36,2.53,55,259,1,45
CUST0895,32,6,0.19,0.6,0,8,4.1,0,4657.18,389.37,0.14,157,885,4,0
CUST0896,35,6,0.17,0.6,0,6,2.49,1,8893.08,4302.78,2.55,20,559,5,40
CUST0897,42,15,0.36,0.3,0,8,2.85,0,2650.8,1957.96,1.36,98,849,5,0
CUST0898,43,17,0.4,0.6,1,11,3.04,0,4510.23,4393.63,1.44,197,123,3,0
CUST0899,19,17,0.89,0.6,1,6,2.9,0,6825.23,2458.4,1.22,134,403,4,35
CUST0900,39,18,0.46,0.9,0,9,3.27,0,283.85,4465.48,0.76,42,785,5,40
CUST0901,25,18,0.72,0.3,0,2,2.24,0,1803.79,1666.07,1.03,196,785,1,45
CUST0902,12,10,0.83,0.9,2,4,3.15,1,7862.21,3188.08,1.01,160,570,2,60
CUST0903,19,9,0.47,0.4,2,6,2.21,0,4782.51,3426.15,1.86,64,137,4,45
CUST0904,25,4,0.16,0.5,2,12,4.15,0,8331.02,1517.95,1.68,156,841,3,20
CUST0905,40,18,0.45,0.9,0,9,3.34,0,7894.53,4923.99,0.16,84,821,5,50
CUST0906,48,9,0.19,0.6,2,14,3.86,0,6847.11,3464.53,2.04,64,680,4,20
CUST0907,39,11,0.28,0.7,1,10,3.0,0,8150.12,3135.57,2.36,185,674,1,20
CUST0908,31,19,0.61,0.4,0,5,2.23,0,3809.84,4642.54,2.5,76,958,1,45
CUST0909,12,4,0.33,0.9,0,4,1.45,0,1522.55,2707.39,0.12,76,809,2,25
CUST0910,39,3,0.08,0.6,1,6,2.84,1,2659.98,3676.18,2.73,171,380,5,20
CUST0911,30,11,0.37,0.4,1,5,3.14,0,3954.74,4713.5,1.34,199,137,5,0
CUST0912,37,12,0.32,0.9,1,14,4.12,1,690.29,4099.79,0.97,148,175,4,25
CUST0913,17,1,0.06,0.6,0,12,2.7,0,2575.56,2201.83,1.12,157,315,2,0
CUST0914,34,8,0.24,0.9,0,10,2.74,0,4971.61,2750.53,0.68,122,197,1,15
CUST0915,29,2,0.07,0.7,2,6,3.36,0,8813.3,4461.22,2.88,160,702,2,20
CUST0916,32,13,0.41,0.7,0,12,1.95,0,5955.94,3238.4,0.25,131,695,3,45
CUST0917,16,1,0.06,0.6,2,9,3.18,0,290.56,4161.03,0.51,187,713,5,0
CUST0918,43,8,0.19,0.9,2,2,3.03,0,5076.13,2560.69,0.6,43,726,3,35
CUST0919,38,10,0.26,0.5,0,7,4.35,0,515.51,1048.43,2.61,19,490,5,10
CUST0920,5,3,0.6,0.7,0,4,3.43,0,4240.81,2884.65,0.64,37,960,4,25
CUST0921,14,13,0.93,0.7,0,14,3.71,0,3303.73,4225.55,0.4,4,97,4,25
CUST0922,49,15,0.31,0.7,1,2,4.0,0,4386.38,891.85,2.49,121,259,3,20
CUST0923,36,5,0.14,0.3,1,11,3.68,0,6173.93,4736.18,0.24,85,175,4,10
CUST0924,27,18,0.67,0.4,3,13,3.2,0,4303.85,2412.67,0.16,71,196,3,40
CUST0925,44,0,0.0,0.9,0,3,2.12,0,5763.79,4294.47,2.44,82,539,3,45
CUST0926,30,16,0.53,0.5,0,3,1.23,0,6977.25,3893.53,0.81,93,910,3,45
CUST0927,12,9,0.75,0.7,2,3,2.84,0,2431.17,861.1,1.88,78,535,2,35
CUST0928,49,7,0.14,0.3,2,6,2.31,0,4374.15,2374.39,1.59,62,213,1,20
CUST0929,30,16,0.53,0.4,0,9,3.91,0,3368.11,1747.03,1.72,197,953,5,35
CUST0930,30,7,0.23,0.6,2,5,4.16,0,802.97,4482.14,0.19,84,601,2,0
CUST0931,33,15,0.45,0.6,1,9,2.62,0,5670.28,2499.4,0.4,112,497,1,35
CUST0932,5,1,0.2,0.6,2,6,2.58,0,4733.06,811.0,1.98,99,489,3,10
CUST0933,38,0,0.0,0.7,0,2,1.98,0,9586.69,636.86,0.77,172,70,1,30
CUST0934,13,12,0.92,0.5,2,14,1.91,0,2788.29,2356.45,1.99,47,227,4,45
CUST0935,35,0,0.0,0.5,1,2,2.86,0,5344.77,1744.34,0.32,37,896,4,20
CUST0936,43,5,0.12,0.4,1,10,3.49,0,5522.63,3125.93,0.36,35,869,5,10
CUST0937,46,17,0.37,0.4,1,2,2.67,0,2156.72,3313.99,2.63,46,299,5,20
CUST0938,23,8,0.35,0.9,0,11,2.65,0,9121.23,4679.05,1.54,77,196,2,35
CUST0939,12,7,0.58,0.6,4,12,4.02,0,5595.32,3763.8,0.74,196,287,4,50
CUST0940,32,8,0.25,0.6,3,2,2.95,1,2223.14,555.96,2.69,146,886,2,45
CUST0941,9,1,0.11,0.7,0,10,3.77,0,5734.5,2035.35,2.81,51,748,2,20
CUST0942,28,13,0.46,0.6,1,5,4.48,0,6549.74,1443.39,0.3,85,52,1,35
CUST0943,31,16,0.52,0.9,0,11,3.09,0,4427.53,3585.36,1.75,39,676,1,50
CUST0944,45,12,0.27,0.5,0,6,1.93,0,3154.81,4961.09,0.21,1,735,3,10
CUST0945,18,15,0.83,0.9,3,12,2.56,0,1416.69,307.36,0.24,16,740,5,55
CUST0946,23,6,0.26,0.6,0,3,2.37,0,2943.4,4712.85,2.31,153,597,1,20
CUST0947,40,3,0.07,0.5,0,2,3.27,0,2387.78,2643.22,2.67,122,245,2,20
CUST0948,32,7,0.22,0.4,2,5,2.16,0,8580.03,2514.05,2.37,51,558,5,30
CUST0949,17,0,0.0,0.3,0,8,3.25,0,6599.07,288.59,2.51,111,198,5,20
CUST0950,26,9,0.35,0.3,1,13,3.78,0,2904.78,2593.44,0.23,173,901,5,0
CUST0951,45,7,0.16,0.4,1,12,2.34,0,5916.86,1897.03,1.5,58,765,1,20
CUST0952,9,4,0.44,0.7,0,3,3.84,0,2104.43,4803.41,1.56,130,38,3,35
CUST0953,15,8,0.53,0.9,2,11,2.33,0,3509.94,3975.93,1.08,68,709,3,50
CUST0954,5,4,0.8,0.5,0,10,1.6,0,1059.82,1885.84,2.53,10,167,2,45
CUST0955,35,11,0.31,0.4,0,6,2.16,0,7788.25,1741.96,1.13,162,819,5,20
CUST0956,26,10,0.38,0.6,1,5,2.74,0,646.65,4782.26,0.47,79,183,1,0
CUST0957,8,8,1.0,0.4,3,5,1.91,0,9620.5,2834.97,2.41,8,780,5,70
CUST0958,19,19,1.0,0.7,0,8,3.88,0,1375.25,4305.51,1.8,49,783,2,35
CUST0959,18,17,0.94,0.9,2,5,2.93,0,5612.3,3601.9,0.49,78,304,2,50
CUST0960,21,11,0.52,0.4,0,1,4.03,0,2130.05,3299.65,2.55,49,87,2,45
CUST0961,20,16,0.8,0.6,3,13,2.78,0,1092.3,4674.38,1.19,92,977,4,40
CUST0962,28,2,0.07,0.6,1,4,3.62,0,1834.5,3515.21,2.54,87,973,4,10
CUST0963,37,8,0.22,0.6,0,2,2.29,0,3192.82,2669.04,1.81,179,657,4,30
CUST0964,42,3,0.07,0.4,1,8,2.79,0,3009.84,1418.78,1.9,81,551,4,10
CUST0965,48,13,0.27,0.5,2,12,1.98,0,4203.03,712.23,2.78,96,259,3,20
CUST0966,40,19,0.47,0.6,1,11,3.35,0,5955.16,4319.89,1.49,44,839,5,35
CUST0967,13,10,0.77,0.9,4,10,2.94,0,9996.76,1023.31,2.34,152,241,4,75
CUST0968,29,10,0.34,0.6,2,10,3.91,0,5284.36,2529.79,1.13,61,507,2,10
CUST0969,42,9,0.21,0.5,0,1,3.15,1,2541.51,3408.13,2.25,122,337,4,30
CUST0970,32,13,0.41,0.6,2,12,1.9,0,474.05,406.47,2.62,68,867,5,45
CUST0971,31,7,0.23,0.9,2,8,2.22,1,7016.7,1434.45,1.74,56,633,1,55
CUST0972,46,18,0.39,0.6,0,11,3.12,1,6792.95,1913.52,1.59,92,883,2,30
CUST0973,19,6,0.32,0.5,4,7,3.38,0,515.86,4552.99,1.5,84,82,2,15
CUST0974,8,0,0.0,0.3,1,7,3.68,1,6124.2,1422.21,2.78,165,728,2,30
CUST0975,45,1,0.02,0.4,1,5,3.52,0,4122.6,1000.82,0.17,95,574,5,0
CUST0976,22,15,0.68,0.6,1,4,1.76,0,1170.69,1407.68,0.89,124,819,5,35
CUST0977,19,17,0.89,0.9,0,5,2.61,0,5141.96,2755.27,0.88,195,457,3,50
CUST0978,6,1,0.17,0.5,1,2,1.74,0,8209.73,4981.5,1.06,173,725,1,30
CUST0979,49,3,0.06,0.4,1,3,2.49,0,6502.06,4773.46,2.4,141,843,3,30
CUST0980,19,18,0.95,0.6,2,3,3.27,0,7367.83,699.56,2.39,130,441,2,45
CUST0981,37,15,0.41,0.9,1,4,3.38,1,4291.91,1027.72,2.47,56,893,5,60
CUST0982,41,3,0.07,0.6,1,5,3.62,0,4534.63,4286.15,2.35,55,360,3,10
CUST0983,46,5,0.11,0.3,1,2,3.41,0,6640.41,1949.8,2.38,69,180,4,30
CUST0984,34,13,0.38,0.6,0,1,1.31,1,8557.25,307.05,1.87,171,76,2,50
CUST0985,23,15,0.65,0.3,1,13,2.66,0,9595.4,545.0,1.78,109,713,3,45
CUST0986,36,9,0.25,0.9,0,6,1.85,0,6296.74,2200.88,1.91,182,532,4,45
CUST0987,14,13,0.93,0.3,2,6,3.34,0,1829.52,1761.94,0.68,180,275,2,25
CUST0988,12,7,0.58,0.6,1,14,3.19,0,8360.34,1887.85,0.28,135,414,4,35
CUST0989,10,3,0.3,0.4,2,2,3.43,0,3957.3,3111.0,2.29,173,610,3,20
CUST0990,29,15,0.52,0.6,1,2,2.72,0,2562.56,2274.69,2.04,167,411,3,45
CUST0991,21,17,0.81,0.3,0,7,3.1,1,4193.62,2233.21,2.14,146,643,5,45
CUST0992,27,14,0.52,0.4,1,1,3.22,0,5151.14,2739.7,2.64,81,669,3,55
CUST0993,10,2,0.2,0.7,1,3,2.32,0,2358.96,1723.39,2.89,189,75,1,20
CUST0994,15,14,0.93,0.3,2,14,1.45,0,4058.34,363.41,2.48,18,521,3,45
CUST0995,34,14,0.41,0.7,1,13,3.81,0,9333.55,1469.57,0.53,121,173,4,35
CUST0996,11,6,0.55,0.4,0,13,2.54,0,7678.93,531.84,0.53,45,305,5,35
CUST0997,44,6,0.14,0.5,1,4,2.94,0,5917.92,1726.11,1.71,42,879,5,20
CUST0998,45,8,0.18,0.4,0,9,1.59,0,485.07,3677.8,1.97,141,689,1,20
CUST0999,46,16,0.35,0.6,0,14,2.17,0,1170.79,2642.61,1.45,105,312,1,10
